TIMESTAMP,CLIMATE_TEMP,HEATER_SURFACE_TEMP,OUTSIDE_TEMP,CLIMATE_HUMIDITY,SOIL_MOISTURE,
2024-06-13 20:25:51.086479,20.41,20.31,22.00,90.39,0.15
2024-06-13 20:25:52.086459,20.41,20.31,22.00,90.37,0.15
2024-06-13 20:25:53.380435,20.42,20.31,22.00,90.41,0.15
2024-06-13 20:25:54.380454,20.41,20.31,22.00,90.40,0.15
2024-06-13 20:25:55.380467,20.41,20.31,22.00,90.40,0.15
2024-06-13 20:25:56.380474,20.42,20.31,22.00,90.35,0.15
2024-06-13 20:25:57.380433,20.39,20.31,22.00,90.38,0.15
2024-06-13 20:25:58.702425,20.39,20.31,22.00,90.36,0.15
2024-06-13 20:25:59.702421,20.42,20.31,22.00,90.39,0.15
2024-06-13 20:26:00.702450,20.42,20.31,22.00,90.39,0.15
2024-06-13 20:26:01.702413,20.41,20.31,22.00,90.41,0.15
2024-06-13 20:26:02.702437,20.41,20.31,22.00,90.40,0.15
2024-06-13 20:26:04.024385,20.39,20.31,22.00,90.37,0.15
2024-06-13 20:26:05.024404,20.42,20.31,22.00,90.40,0.15
2024-06-13 20:26:06.024409,20.42,20.31,22.00,90.40,0.15
2024-06-13 20:26:07.024434,20.42,20.31,22.00,90.38,0.15
2024-06-13 20:26:08.024408,20.41,20.25,22.00,90.40,0.15
2024-06-13 20:26:09.346375,20.41,20.31,22.00,90.40,0.15
2024-06-13 20:26:10.347339,20.39,20.25,22.00,90.41,0.15
2024-06-13 20:26:11.347335,20.39,20.31,22.00,90.41,0.15
2024-06-13 20:26:12.347328,20.42,20.31,22.00,90.34,0.15
2024-06-13 20:26:13.347315,20.41,20.31,22.00,90.37,0.15
2024-06-13 20:26:14.668365,20.42,20.31,22.00,90.36,0.15
2024-06-13 20:26:15.669312,20.41,20.31,22.00,90.35,0.15
2024-06-13 20:26:16.669312,20.41,20.31,22.00,90.35,0.15
2024-06-13 20:26:17.669318,20.41,20.31,22.00,90.37,0.15
2024-06-13 20:26:18.669297,20.39,20.31,22.00,90.39,0.15
2024-06-13 20:26:19.990333,20.42,20.31,22.00,90.37,0.15
2024-06-13 20:26:20.991300,20.41,20.31,22.00,90.38,0.15
2024-06-13 20:26:21.991272,20.41,20.31,22.00,90.38,0.15
2024-06-13 20:26:22.991265,20.41,20.31,22.00,90.40,0.15
2024-06-13 20:26:23.991265,20.41,20.31,22.00,90.41,0.15
2024-06-13 20:26:25.313288,20.41,20.31,22.00,90.38,0.15
2024-06-13 20:26:26.314256,20.41,20.31,22.00,90.42,0.15
2024-06-13 20:26:27.314246,20.41,20.31,22.00,90.42,0.15
2024-06-13 20:26:28.314252,20.41,20.31,22.00,90.42,0.15
2024-06-13 20:26:29.314254,20.43,20.31,22.00,90.44,0.15
2024-06-13 20:26:30.635287,20.39,20.31,22.00,90.39,0.15
2024-06-13 20:26:31.636228,20.42,20.31,22.00,90.41,0.15
2024-06-13 20:26:32.636244,20.42,20.31,22.00,90.41,0.15
2024-06-13 20:26:33.636226,20.39,20.31,22.00,90.38,0.15
2024-06-13 20:26:34.636240,20.41,20.31,22.00,90.41,0.15
2024-06-13 20:26:35.957272,20.43,20.31,22.00,90.42,0.15
2024-06-13 20:26:36.958247,20.42,20.31,22.00,90.41,0.15
2024-06-13 20:26:37.958229,20.42,20.31,22.00,90.41,0.15
2024-06-13 20:26:38.958201,20.41,20.31,22.00,90.39,0.15
2024-06-13 20:26:39.958202,20.41,20.31,22.00,90.43,0.15
2024-06-13 20:26:41.280174,20.42,20.31,22.00,90.41,0.15
2024-06-13 20:26:42.280185,20.41,20.31,22.00,90.41,0.15
2024-06-13 20:26:43.280185,20.41,20.31,22.00,90.41,0.15
2024-06-13 20:26:44.280254,20.41,20.31,22.00,90.41,0.15
2024-06-13 20:26:45.280171,20.42,20.31,22.00,90.41,0.15
2024-06-13 20:26:46.602171,20.42,20.31,22.00,90.41,0.15
2024-06-13 20:26:47.602213,20.41,20.31,22.00,90.41,0.15
2024-06-13 20:26:48.602197,20.41,20.31,22.00,90.41,0.15
2024-06-13 20:26:49.602202,20.42,20.31,22.00,90.41,0.15
2024-06-13 20:26:50.602153,20.43,20.31,22.00,90.43,0.15
2024-06-13 20:26:51.924146,20.39,20.31,22.00,90.41,0.15
2024-06-13 20:26:52.924157,20.42,20.31,22.00,90.44,0.15
2024-06-13 20:26:53.924153,20.42,20.31,22.00,90.44,0.15
2024-06-13 20:26:54.924133,20.42,20.31,22.00,90.41,0.15
2024-06-13 20:26:55.924139,20.41,20.31,22.00,90.41,0.15
2024-06-13 20:26:57.246106,20.42,20.31,22.00,90.44,0.15
2024-06-13 20:26:58.246123,20.42,20.31,22.00,90.41,0.15
2024-06-13 20:26:59.246123,20.42,20.31,22.00,90.41,0.15
2024-06-13 20:27:00.246107,20.43,20.37,22.00,90.45,0.15
2024-06-13 20:27:01.246130,20.41,20.31,22.00,90.41,0.15
2024-06-13 20:27:02.568084,20.42,20.31,22.00,90.44,0.15
2024-06-13 20:27:03.568091,20.42,20.31,22.00,90.44,0.15
2024-06-13 20:27:04.568097,20.42,20.31,22.00,90.44,0.15
2024-06-13 20:27:05.568108,20.42,20.31,22.00,90.41,0.15
2024-06-13 20:27:06.568081,20.41,20.31,22.00,90.44,0.15
2024-06-13 20:27:07.890057,20.42,20.31,22.00,90.41,0.15
2024-06-13 20:27:08.890082,20.41,20.31,22.00,90.43,0.15
2024-06-13 20:27:09.890069,20.41,20.31,22.00,90.43,0.15
2024-06-13 20:27:10.890052,20.42,20.31,22.00,90.40,0.15
2024-06-13 20:27:11.890065,20.41,20.31,22.00,90.41,0.15
2024-06-13 20:27:13.212037,20.41,20.31,22.00,90.41,0.15
2024-06-13 20:27:14.212047,20.39,20.31,22.00,90.41,0.15
2024-06-13 20:27:15.212032,20.39,20.31,22.00,90.41,0.15
2024-06-13 20:27:16.212040,20.39,20.31,22.00,90.38,0.15
2024-06-13 20:27:17.212024,20.41,20.31,22.00,90.38,0.15
2024-06-13 20:27:18.534013,20.39,20.31,22.00,90.41,0.15
2024-06-13 20:27:19.534028,20.42,20.31,22.00,90.42,0.15
2024-06-13 20:27:20.534019,20.42,20.31,22.00,90.42,0.15
2024-06-13 20:27:21.534020,20.41,20.31,22.00,90.40,0.15
2024-06-13 20:27:22.534051,20.42,20.31,22.00,90.40,0.15
2024-06-13 20:27:23.856000,20.42,20.31,22.00,90.39,0.15
2024-06-13 20:27:24.856007,20.39,20.31,22.00,90.38,0.15
2024-06-13 20:27:25.856006,20.39,20.31,22.00,90.38,0.15
2024-06-13 20:27:26.856034,20.39,20.31,22.00,90.39,0.15
2024-06-13 20:27:27.856036,20.42,20.31,22.00,90.40,0.15
2024-06-13 20:27:29.179000,20.43,20.31,22.00,90.40,0.15
2024-06-13 20:27:30.178985,20.41,20.31,22.00,90.39,0.15
2024-06-13 20:27:31.178979,20.41,20.31,22.00,90.39,0.15
2024-06-13 20:27:32.178979,20.39,20.31,22.00,90.41,0.15
2024-06-13 20:27:33.178970,20.41,20.31,22.00,90.37,0.15
2024-06-13 20:27:34.500944,20.41,20.31,22.00,90.39,0.15
2024-06-13 20:27:35.500956,20.42,20.31,22.00,90.40,0.15
2024-06-13 20:27:36.500983,20.42,20.31,22.00,90.40,0.15
2024-06-13 20:27:37.500949,20.39,20.31,22.00,90.39,0.15
2024-06-13 20:27:38.500958,20.39,20.31,22.00,90.38,0.15
2024-06-13 20:27:39.822949,20.42,20.31,22.00,90.39,0.15
2024-06-13 20:27:40.823902,20.42,20.31,22.00,90.38,0.15
2024-06-13 20:27:41.823880,20.42,20.31,22.00,90.38,0.15
2024-06-13 20:27:42.823887,20.41,20.31,22.00,90.43,0.15
2024-06-13 20:27:43.823869,20.39,20.31,22.00,90.38,0.15
2024-06-13 20:27:45.144929,20.41,20.31,22.00,90.41,0.15
2024-06-13 20:27:46.145863,20.41,20.31,22.00,90.42,0.15
2024-06-13 20:27:47.145856,20.41,20.31,22.00,90.42,0.15
2024-06-13 20:27:48.145876,20.43,20.31,22.00,90.39,0.15
2024-06-13 20:27:49.145869,20.42,20.31,22.00,90.40,0.15
2024-06-13 20:27:50.466887,20.42,20.31,22.00,90.32,0.15
2024-06-13 20:27:51.467839,20.43,20.31,22.00,90.40,0.15
2024-06-13 20:27:52.467857,20.43,20.31,22.00,90.40,0.15
2024-06-13 20:27:53.467827,20.41,20.31,22.00,90.37,0.15
2024-06-13 20:27:54.467846,20.41,20.31,22.00,90.40,0.15
2024-06-13 20:27:55.788889,20.41,20.31,22.00,90.40,0.15
2024-06-13 20:27:56.789813,20.39,20.31,22.00,90.39,0.15
2024-06-13 20:27:57.789847,20.39,20.31,22.00,90.39,0.15
2024-06-13 20:27:58.789824,20.42,20.31,22.00,90.40,0.15
2024-06-13 20:27:59.789804,20.41,20.31,22.00,90.39,0.15
2024-06-13 20:28:01.110848,20.39,20.31,22.00,90.40,0.15
2024-06-13 20:28:02.111794,20.42,20.31,22.00,90.42,0.15
2024-06-13 20:28:03.111799,20.42,20.31,22.00,90.42,0.15
2024-06-13 20:28:04.111784,20.42,20.31,22.00,90.44,0.15
2024-06-13 20:28:05.111782,20.43,20.31,22.00,90.43,0.15
2024-06-13 20:28:06.432841,20.41,20.31,22.00,90.43,0.15
2024-06-13 20:28:07.433766,20.43,20.31,22.00,90.42,0.15
2024-06-13 20:28:08.433769,20.43,20.31,22.00,90.42,0.15
2024-06-13 20:28:09.433758,20.43,20.31,22.00,90.42,0.15
2024-06-13 20:28:10.433755,20.39,20.31,22.00,90.41,0.15
2024-06-13 20:28:11.755731,20.41,20.31,22.00,90.43,0.15
2024-06-13 20:28:12.755745,20.41,20.31,22.00,90.40,0.15
2024-06-13 20:28:13.755745,20.41,20.31,22.00,90.40,0.15
2024-06-13 20:28:14.755738,20.41,20.31,22.00,90.42,0.15
2024-06-13 20:28:15.755733,20.42,20.31,22.00,90.42,0.15
2024-06-13 20:28:17.077738,20.42,20.31,22.00,90.44,0.15
2024-06-13 20:28:18.077740,20.41,20.31,22.00,90.43,0.15
2024-06-13 20:28:19.077745,20.41,20.31,22.00,90.43,0.15
2024-06-13 20:28:20.077714,20.42,20.31,22.00,90.42,0.15
2024-06-13 20:28:21.077711,20.43,20.31,22.00,90.38,0.15
2024-06-13 20:28:22.399702,20.42,20.31,22.00,90.41,0.15
2024-06-13 20:28:23.399703,20.41,20.31,22.00,90.43,0.15
2024-06-13 20:28:24.399695,20.41,20.31,22.00,90.43,0.15
2024-06-13 20:28:25.399693,20.43,20.31,22.00,90.44,0.15
2024-06-13 20:28:26.399725,20.42,20.31,22.00,90.44,0.15
2024-06-13 20:28:27.722690,20.42,20.31,22.00,90.46,0.15
2024-06-13 20:28:28.722693,20.42,20.31,22.00,90.44,0.15
2024-06-13 20:28:29.722701,20.42,20.31,22.00,90.44,0.15
2024-06-13 20:28:30.722679,20.42,20.31,22.00,90.44,0.15
2024-06-13 20:28:31.722696,20.42,20.31,22.00,90.44,0.15
2024-06-13 20:28:33.044642,20.43,20.31,22.00,90.42,0.15
2024-06-13 20:28:34.044653,20.43,20.31,22.00,90.43,0.15
2024-06-13 20:28:35.044648,20.43,20.31,22.00,90.43,0.15
2024-06-13 20:28:36.044642,20.42,20.31,22.00,90.46,0.15
2024-06-13 20:28:37.044639,20.41,20.31,22.00,90.43,0.15
2024-06-13 20:28:38.366644,20.42,20.31,22.00,90.45,0.15
2024-06-13 20:28:39.366626,20.42,20.31,22.00,90.46,0.15
2024-06-13 20:28:40.366621,20.42,20.31,22.00,90.46,0.15
2024-06-13 20:28:41.366618,20.42,20.31,22.00,90.48,0.15
2024-06-13 20:28:42.366640,20.42,20.31,22.00,90.50,0.15
2024-06-13 20:28:43.688589,20.42,20.31,22.00,90.42,0.15
2024-06-13 20:28:44.688632,20.42,20.31,22.00,90.45,0.15
2024-06-13 20:28:45.688637,20.42,20.31,22.00,90.45,0.15
2024-06-13 20:28:46.688636,20.42,20.31,22.00,90.47,0.15
2024-06-13 20:28:47.688626,20.41,20.25,22.00,90.47,0.15
2024-06-13 20:28:49.010599,20.41,20.31,22.00,90.49,0.15
2024-06-13 20:28:50.010591,20.42,20.31,22.00,90.48,0.15
2024-06-13 20:28:51.010614,20.42,20.31,22.00,90.48,0.15
2024-06-13 20:28:52.010581,20.42,20.31,22.00,90.45,0.15
2024-06-13 20:28:53.010573,20.42,20.31,22.00,90.48,0.15
2024-06-13 20:28:54.332569,20.42,20.31,22.00,90.49,0.15
2024-06-13 20:28:55.332561,20.42,20.31,22.00,90.48,0.15
2024-06-13 20:28:56.332549,20.42,20.31,22.00,90.48,0.15
2024-06-13 20:28:57.332573,20.42,20.31,22.00,90.50,0.15
2024-06-13 20:28:58.332548,20.42,20.31,22.00,90.51,0.15
2024-06-13 20:28:59.654525,20.43,20.31,22.00,90.50,0.15
2024-06-13 20:29:00.654535,20.43,20.31,22.00,90.49,0.15
2024-06-13 20:29:01.654554,20.43,20.31,22.00,90.49,0.15
2024-06-13 20:29:02.654563,20.43,20.31,22.00,90.47,0.15
2024-06-13 20:29:03.654559,20.41,20.31,22.00,90.51,0.15
2024-06-13 20:29:04.976531,20.42,20.31,22.00,90.48,0.15
2024-06-13 20:29:05.976528,20.45,20.31,22.00,90.49,0.15
2024-06-13 20:29:06.976510,20.45,20.31,22.00,90.49,0.15
2024-06-13 20:29:07.976507,20.41,20.31,22.00,90.47,0.15
2024-06-13 20:29:08.977463,20.42,20.31,22.00,90.48,0.15
2024-06-13 20:29:10.298518,20.43,20.31,22.00,90.51,0.15
2024-06-13 20:29:11.299459,20.41,20.31,22.00,90.50,0.15
2024-06-13 20:29:12.299461,20.41,20.31,22.00,90.50,0.15
2024-06-13 20:29:13.299484,20.43,20.31,22.00,90.51,0.15
2024-06-13 20:29:14.299426,20.43,20.31,22.00,90.50,0.15
2024-06-13 20:29:15.620454,20.42,20.31,22.25,90.49,0.15
2024-06-13 20:29:16.621441,20.41,20.31,22.25,90.50,0.15
2024-06-13 20:29:17.621418,20.41,20.31,22.25,90.50,0.15
2024-06-13 20:29:18.621412,20.41,20.31,22.25,90.50,0.15
2024-06-13 20:29:19.621406,20.42,20.31,22.25,90.50,0.15
2024-06-13 20:29:20.942434,20.42,20.31,22.25,90.55,0.15
2024-06-13 20:29:21.943400,20.42,20.31,22.25,90.53,0.15
2024-06-13 20:29:22.943387,20.42,20.31,22.25,90.53,0.15
2024-06-13 20:29:23.943413,20.42,20.31,22.25,90.51,0.15
2024-06-13 20:29:24.943401,20.42,20.31,22.25,90.47,0.15
2024-06-13 20:29:26.264419,20.42,20.31,22.25,90.51,0.15
2024-06-13 20:29:27.265379,20.39,20.31,22.25,90.51,0.15
2024-06-13 20:29:28.265368,20.39,20.31,22.25,90.51,0.15
2024-06-13 20:29:29.265363,20.42,20.31,22.25,90.49,0.15
2024-06-13 20:29:30.265371,20.42,20.31,22.25,90.54,0.15
2024-06-13 20:29:31.587427,20.42,20.31,22.25,90.54,0.15
2024-06-13 20:29:32.588351,20.43,20.31,22.25,90.53,0.15
2024-06-13 20:29:33.588388,20.43,20.31,22.25,90.53,0.15
2024-06-13 20:29:34.588343,20.43,20.31,22.25,90.51,0.15
2024-06-13 20:29:35.588376,20.42,20.31,22.25,90.51,0.15
2024-06-13 20:29:36.909367,20.41,20.31,22.25,90.54,0.15
2024-06-13 20:29:37.910330,20.42,20.31,22.25,90.54,0.15
2024-06-13 20:29:38.910321,20.42,20.31,22.25,90.54,0.15
2024-06-13 20:29:39.910321,20.43,20.31,22.25,90.54,0.15
2024-06-13 20:29:40.910352,20.43,20.31,22.25,90.53,0.15
2024-06-13 20:29:42.231339,20.42,20.31,22.25,90.54,0.15
2024-06-13 20:29:43.232305,20.43,20.31,22.25,90.55,0.15
2024-06-13 20:29:44.232299,20.43,20.31,22.25,90.55,0.15
2024-06-13 20:29:45.232294,20.42,20.31,22.25,90.53,0.15
2024-06-13 20:29:46.232293,20.43,20.31,22.25,90.56,0.15
2024-06-13 20:29:47.554279,20.42,20.31,22.25,90.55,0.15
2024-06-13 20:29:48.554283,20.42,20.31,22.25,90.53,0.15
2024-06-13 20:29:49.554300,20.42,20.31,22.25,90.53,0.15
2024-06-13 20:29:50.554276,20.43,20.31,22.25,90.55,0.15
2024-06-13 20:29:51.554292,20.42,20.31,22.25,90.54,0.15
2024-06-13 20:29:52.876244,20.43,20.31,22.25,90.56,0.15
2024-06-13 20:29:53.876255,20.42,20.31,22.25,90.55,0.15
2024-06-13 20:29:54.876249,20.42,20.31,22.25,90.55,0.15
2024-06-13 20:29:55.876249,20.42,20.31,22.25,90.56,0.15
2024-06-13 20:29:56.876252,20.42,20.31,22.25,90.55,0.15
2024-06-13 20:29:58.198228,20.41,20.31,22.25,90.55,0.15
2024-06-13 20:29:59.198238,20.42,20.31,22.25,90.55,0.15
2024-06-13 20:30:00.198256,20.42,20.31,22.25,90.55,0.15
2024-06-13 20:30:01.198244,20.43,20.31,22.25,90.57,0.15
2024-06-13 20:30:02.198219,20.43,20.31,22.25,90.58,0.15
2024-06-13 20:30:03.520200,20.43,20.31,22.25,90.54,0.15
2024-06-13 20:30:04.520217,20.42,20.31,22.25,90.58,0.15
2024-06-13 20:30:05.520236,20.42,20.31,22.25,90.58,0.15
2024-06-13 20:30:06.520226,20.43,20.31,22.25,90.56,0.15
2024-06-13 20:30:07.520222,20.42,20.31,22.25,90.57,0.15
2024-06-13 20:30:08.842189,20.43,20.31,22.25,90.59,0.15
2024-06-13 20:30:09.842190,20.42,20.31,22.25,90.55,0.15
2024-06-13 20:30:10.842223,20.42,20.31,22.25,90.55,0.15
2024-06-13 20:30:11.842228,20.42,20.31,22.25,90.58,0.15
2024-06-13 20:30:12.842202,20.41,20.31,22.25,90.55,0.15
2024-06-13 20:30:14.164146,20.42,20.31,22.25,90.58,0.15
2024-06-13 20:30:15.164162,20.41,20.31,22.25,90.59,0.15
2024-06-13 20:30:16.164157,20.41,20.31,22.25,90.59,0.15
2024-06-13 20:30:17.164178,20.45,20.31,22.25,90.59,0.15
2024-06-13 20:30:18.164146,20.41,20.31,22.25,90.60,0.15
2024-06-13 20:30:19.486148,20.42,20.31,22.25,90.54,0.15
2024-06-13 20:30:20.486139,20.43,20.31,22.25,90.60,0.15
2024-06-13 20:30:21.486150,20.43,20.31,22.25,90.60,0.15
2024-06-13 20:30:22.486146,20.43,20.31,22.25,90.59,0.15
2024-06-13 20:30:23.486136,20.42,20.31,22.25,90.60,0.15
2024-06-13 20:30:24.808094,20.43,20.31,22.25,90.58,0.15
2024-06-13 20:30:25.808139,20.42,20.31,22.25,90.60,0.15
2024-06-13 20:30:26.808116,20.42,20.31,22.25,90.60,0.15
2024-06-13 20:30:27.808106,20.43,20.31,22.25,90.61,0.15
2024-06-13 20:30:28.808196,20.42,20.31,22.25,90.59,0.15
2024-06-13 20:30:30.131077,20.42,20.31,22.25,90.61,0.15
2024-06-13 20:30:31.131091,20.45,20.31,22.25,90.60,0.15
2024-06-13 20:30:32.131087,20.45,20.31,22.25,90.60,0.15
2024-06-13 20:30:33.131087,20.43,20.31,22.25,90.59,0.15
2024-06-13 20:30:34.131079,20.43,20.31,22.25,90.61,0.15
2024-06-13 20:30:35.453051,20.42,20.31,22.25,90.65,0.15
2024-06-13 20:30:36.453103,20.42,20.37,22.25,90.62,0.15
2024-06-13 20:30:37.453063,20.42,20.31,22.25,90.62,0.15
2024-06-13 20:30:38.453059,20.45,20.31,22.25,90.61,0.15
2024-06-13 20:30:39.454007,20.43,20.31,22.25,90.59,0.15
2024-06-13 20:30:40.775037,20.43,20.31,22.25,90.60,0.15
2024-06-13 20:30:41.775996,20.43,20.31,22.25,90.63,0.15
2024-06-13 20:30:42.776024,20.43,20.31,22.25,90.63,0.15
2024-06-13 20:30:43.775983,20.45,20.31,22.25,90.63,0.15
2024-06-13 20:30:44.776015,20.43,20.31,22.25,90.61,0.15
2024-06-13 20:30:46.097019,20.42,20.31,22.25,90.58,0.15
2024-06-13 20:30:47.097989,20.43,20.31,22.25,90.62,0.15
2024-06-13 20:30:48.097968,20.43,20.31,22.25,90.62,0.15
2024-06-13 20:30:49.097967,20.42,20.31,22.25,90.60,0.15
2024-06-13 20:30:50.097965,20.43,20.31,22.25,90.61,0.15
2024-06-13 20:30:51.418998,20.43,20.31,22.25,90.67,0.15
2024-06-13 20:30:52.419948,20.41,20.31,22.25,90.58,0.15
2024-06-13 20:30:53.419941,20.41,20.31,22.25,90.58,0.15
2024-06-13 20:30:54.419937,20.43,20.31,22.25,90.61,0.15
2024-06-13 20:30:55.419934,20.45,20.31,22.25,90.63,0.15
2024-06-13 20:30:56.740959,20.42,20.31,22.25,90.62,0.15
2024-06-13 20:30:57.741935,20.42,20.31,22.25,90.63,0.15
2024-06-13 20:30:58.741923,20.42,20.37,22.25,90.63,0.15
2024-06-13 20:30:59.741918,20.43,20.31,22.25,90.60,0.15
2024-06-13 20:31:00.741913,20.43,20.31,22.25,90.62,0.15
2024-06-13 20:31:02.063892,20.43,20.31,22.25,90.65,0.15
2024-06-13 20:31:03.063901,20.41,20.31,22.25,90.62,0.15
2024-06-13 20:31:04.063893,20.41,20.31,22.25,90.62,0.15
2024-06-13 20:31:05.063892,20.43,20.31,22.25,90.64,0.15
2024-06-13 20:31:06.063886,20.42,20.31,22.25,90.66,0.15
2024-06-13 20:31:07.384922,20.41,20.31,22.25,90.61,0.15
2024-06-13 20:31:08.385877,20.42,20.31,22.25,90.63,0.15
2024-06-13 20:31:09.385872,20.42,20.31,22.25,90.63,0.15
2024-06-13 20:31:10.385881,20.43,20.31,22.25,90.64,0.15
2024-06-13 20:31:11.385869,20.43,20.31,22.25,90.66,0.15
2024-06-13 20:31:12.707837,20.42,20.31,22.25,90.63,0.15
2024-06-13 20:31:13.707859,20.43,20.31,22.25,90.67,0.15
2024-06-13 20:31:14.707846,20.43,20.31,22.25,90.67,0.15
2024-06-13 20:31:15.707844,20.48,20.31,22.25,90.68,0.15
2024-06-13 20:31:16.707847,20.43,20.31,22.25,90.65,0.15
2024-06-13 20:31:18.029820,20.42,20.31,22.25,90.63,0.15
2024-06-13 20:31:19.029863,20.43,20.31,22.25,90.68,0.15
2024-06-13 20:31:20.029823,20.43,20.31,22.25,90.68,0.15
2024-06-13 20:31:21.029827,20.42,20.31,22.25,90.62,0.15
2024-06-13 20:31:22.029817,20.42,20.31,22.25,90.66,0.15
2024-06-13 20:31:23.351804,20.45,20.31,22.25,90.64,0.15
2024-06-13 20:31:24.351803,20.43,20.31,22.25,90.60,0.15
2024-06-13 20:31:25.351798,20.43,20.31,22.25,90.60,0.15
2024-06-13 20:31:26.351799,20.42,20.31,22.25,90.66,0.15
2024-06-13 20:31:27.351803,20.41,20.31,22.25,90.62,0.15
2024-06-13 20:31:28.673765,20.45,20.31,22.25,90.66,0.15
2024-06-13 20:31:29.673781,20.46,20.31,22.25,90.66,0.15
2024-06-13 20:31:30.673796,20.46,20.31,22.25,90.66,0.15
2024-06-13 20:31:31.673821,20.43,20.31,22.25,90.70,0.15
2024-06-13 20:31:32.673779,20.45,20.31,22.25,90.68,0.15
2024-06-13 20:31:33.996744,20.42,20.31,22.25,90.66,0.15
2024-06-13 20:31:34.996774,20.43,20.31,22.25,90.67,0.15
2024-06-13 20:31:35.996756,20.43,20.31,22.25,90.67,0.15
2024-06-13 20:31:36.996749,20.42,20.31,22.25,90.66,0.15
2024-06-13 20:31:37.996743,20.42,20.31,22.25,90.66,0.15
2024-06-13 20:31:39.318719,20.48,20.31,22.25,90.70,0.15
2024-06-13 20:31:40.318738,20.43,20.31,22.25,90.67,0.15
2024-06-13 20:31:41.318729,20.43,20.31,22.25,90.67,0.15
2024-06-13 20:31:42.318725,20.43,20.31,22.25,90.66,0.15
2024-06-13 20:31:43.318759,20.45,20.31,22.25,90.63,0.15
2024-06-13 20:31:44.640698,20.42,20.31,22.25,90.67,0.15
2024-06-13 20:31:45.640713,20.43,20.31,22.25,90.67,0.15
2024-06-13 20:31:46.640731,20.43,20.31,22.25,90.67,0.15
2024-06-13 20:31:47.640755,20.42,20.31,22.25,90.66,0.15
2024-06-13 20:31:48.640724,20.43,20.31,22.25,90.66,0.15
2024-06-13 20:31:49.962683,20.42,20.31,22.25,90.69,0.15
2024-06-13 20:31:50.962711,20.45,20.31,22.25,90.68,0.15
2024-06-13 20:31:51.962709,20.45,20.31,22.25,90.68,0.15
2024-06-13 20:31:52.962678,20.42,20.31,22.25,90.71,0.15
2024-06-13 20:31:53.962678,20.41,20.31,22.25,90.66,0.15
2024-06-13 20:31:55.284649,20.45,20.31,22.25,90.69,0.15
2024-06-13 20:31:56.284692,20.45,20.31,22.25,90.68,0.15
2024-06-13 20:31:57.284662,20.45,20.31,22.25,90.68,0.15
2024-06-13 20:31:58.284652,20.43,20.31,22.25,90.64,0.15
2024-06-13 20:31:59.284647,20.45,20.31,22.25,90.68,0.15
2024-06-13 20:32:00.606637,20.43,20.31,22.25,90.69,0.15
2024-06-13 20:32:01.606634,20.45,20.31,22.25,90.67,0.15
2024-06-13 20:32:02.606645,20.45,20.31,22.25,90.67,0.15
2024-06-13 20:32:03.606628,20.43,20.37,22.25,90.64,0.15
2024-06-13 20:32:04.606650,20.45,20.31,22.25,90.70,0.15
2024-06-13 20:32:05.928602,20.43,20.31,22.25,90.69,0.15
2024-06-13 20:32:06.928649,20.42,20.31,22.25,90.69,0.15
2024-06-13 20:32:07.929585,20.42,20.31,22.25,90.69,0.15
2024-06-13 20:32:08.929581,20.42,20.31,22.25,90.69,0.15
2024-06-13 20:32:09.929551,20.42,20.31,22.25,90.68,0.15
2024-06-13 20:32:11.250581,20.43,20.31,22.25,90.71,0.15
2024-06-13 20:32:12.251530,20.43,20.31,22.25,90.71,0.15
2024-06-13 20:32:13.251529,20.43,20.31,22.25,90.71,0.15
2024-06-13 20:32:14.251528,20.43,20.31,22.25,90.69,0.15
2024-06-13 20:32:15.251523,20.43,20.31,22.25,90.67,0.15
2024-06-13 20:32:16.572552,20.41,20.31,22.25,90.70,0.15
2024-06-13 20:32:17.573525,20.43,20.31,22.25,90.68,0.15
2024-06-13 20:32:18.573532,20.43,20.31,22.25,90.68,0.15
2024-06-13 20:32:19.573535,20.42,20.31,22.25,90.70,0.15
2024-06-13 20:32:20.573507,20.43,20.31,22.25,90.69,0.15
2024-06-13 20:32:21.894533,20.46,20.31,22.25,90.67,0.15
2024-06-13 20:32:22.895487,20.42,20.31,22.25,90.68,0.15
2024-06-13 20:32:23.895492,20.42,20.31,22.25,90.68,0.15
2024-06-13 20:32:24.895486,20.45,20.31,22.25,90.71,0.15
2024-06-13 20:32:25.895493,20.42,20.37,22.25,90.71,0.15
2024-06-13 20:32:27.216530,20.42,20.31,22.25,90.69,0.15
2024-06-13 20:32:28.217472,20.42,20.31,22.25,90.73,0.15
2024-06-13 20:32:29.217464,20.42,20.31,22.25,90.73,0.15
2024-06-13 20:32:30.217458,20.45,20.31,22.25,90.73,0.15
2024-06-13 20:32:31.217457,20.43,20.31,22.25,90.71,0.15
2024-06-13 20:32:32.539477,20.43,20.31,22.25,90.70,0.15
2024-06-13 20:32:33.540461,20.43,20.31,22.25,90.70,0.15
2024-06-13 20:32:34.540464,20.43,20.31,22.25,90.70,0.15
2024-06-13 20:32:35.540470,20.45,20.31,22.25,90.68,0.15
2024-06-13 20:32:36.540477,20.43,20.31,22.25,90.69,0.15
2024-06-13 20:32:37.861456,20.43,20.31,22.25,90.69,0.15
2024-06-13 20:32:38.862422,20.43,20.31,22.25,90.71,0.15
2024-06-13 20:32:39.862431,20.43,20.31,22.25,90.71,0.15
2024-06-13 20:32:40.862429,20.46,20.31,22.25,90.72,0.15
2024-06-13 20:32:41.862429,20.41,20.31,22.25,90.67,0.15
2024-06-13 20:32:43.184374,20.43,20.37,22.25,90.71,0.15
2024-06-13 20:32:44.184439,20.46,20.31,22.25,90.72,0.15
2024-06-13 20:32:45.184386,20.46,20.31,22.25,90.72,0.15
2024-06-13 20:32:46.184399,20.45,20.31,22.25,90.72,0.15
2024-06-13 20:32:47.184383,20.45,20.31,22.25,90.71,0.15
2024-06-13 20:32:48.506362,20.45,20.31,22.25,90.71,0.15
2024-06-13 20:32:49.506421,20.43,20.31,22.25,90.73,0.15
2024-06-13 20:32:50.506370,20.43,20.31,22.25,90.73,0.15
2024-06-13 20:32:51.506403,20.43,20.31,22.25,90.70,0.15
2024-06-13 20:32:52.506378,20.43,20.31,22.25,90.71,0.15
2024-06-13 20:32:53.828333,20.43,20.37,22.25,90.70,0.15
2024-06-13 20:32:54.828351,20.42,20.31,22.25,90.69,0.15
2024-06-13 20:32:55.828370,20.42,20.37,22.25,90.69,0.15
2024-06-13 20:32:56.828349,20.45,20.31,22.25,90.69,0.15
2024-06-13 20:32:57.828336,20.45,20.31,22.25,90.73,0.15
2024-06-13 20:32:59.150317,20.43,20.31,22.25,90.73,0.15
2024-06-13 20:33:00.150331,20.43,20.31,22.25,90.69,0.15
2024-06-13 20:33:01.150326,20.43,20.31,22.25,90.69,0.15
2024-06-13 20:33:02.150319,20.42,20.31,22.25,90.69,0.15
2024-06-13 20:33:03.150324,20.42,20.31,22.25,90.72,0.15
2024-06-13 20:33:04.472289,20.42,20.31,22.25,90.72,0.15
2024-06-13 20:33:05.472306,20.42,20.31,22.25,90.74,0.15
2024-06-13 20:33:06.472329,20.42,20.31,22.25,90.74,0.15
2024-06-13 20:33:07.472293,20.45,20.31,22.25,90.72,0.15
2024-06-13 20:33:08.472288,20.43,20.37,22.25,90.69,0.15
2024-06-13 20:33:09.794279,20.43,20.31,22.25,90.70,0.15
2024-06-13 20:33:10.794285,20.45,20.31,22.25,90.68,0.15
2024-06-13 20:33:11.794277,20.45,20.31,22.25,90.68,0.15
2024-06-13 20:33:12.794272,20.42,20.31,22.25,90.68,0.15
2024-06-13 20:33:13.794288,20.45,20.31,22.25,90.71,0.15
2024-06-13 20:33:15.116236,20.43,20.31,22.25,90.71,0.15
2024-06-13 20:33:16.116249,20.43,20.31,22.25,90.71,0.15
2024-06-13 20:33:17.116248,20.43,20.31,22.25,90.71,0.15
2024-06-13 20:33:18.116247,20.45,20.31,22.25,90.70,0.15
2024-06-13 20:33:19.116246,20.43,20.31,22.25,90.71,0.15
2024-06-13 20:33:20.438220,20.45,20.31,22.25,90.71,0.15
2024-06-13 20:33:21.438268,20.42,20.31,22.25,90.71,0.15
2024-06-13 20:33:22.438229,20.42,20.31,22.25,90.71,0.15
2024-06-13 20:33:23.438222,20.42,20.31,22.25,90.73,0.15
2024-06-13 20:33:24.438260,20.42,20.31,22.25,90.72,0.15
2024-06-13 20:33:25.760192,20.46,20.37,22.25,90.71,0.15
2024-06-13 20:33:26.760210,20.45,20.31,22.25,90.72,0.15
2024-06-13 20:33:27.760207,20.45,20.31,22.25,90.72,0.15
2024-06-13 20:33:28.760222,20.45,20.31,22.25,90.71,0.15
2024-06-13 20:33:29.760193,20.43,20.31,22.25,90.70,0.15
2024-06-13 20:33:31.082179,20.43,20.31,22.25,90.71,0.15
2024-06-13 20:33:32.082182,20.43,20.31,22.25,90.73,0.15
2024-06-13 20:33:33.082219,20.43,20.31,22.25,90.73,0.15
2024-06-13 20:33:34.082181,20.45,20.31,22.25,90.72,0.15
2024-06-13 20:33:35.082220,20.45,20.31,22.25,90.71,0.15
2024-06-13 20:33:36.405149,20.45,20.31,22.25,90.71,0.15
2024-06-13 20:33:37.406121,20.43,20.31,22.25,90.67,0.15
2024-06-13 20:33:38.406107,20.43,20.31,22.25,90.67,0.15
2024-06-13 20:33:39.406101,20.43,20.31,22.25,90.75,0.15
2024-06-13 20:33:40.406105,20.43,20.31,22.25,90.71,0.15
2024-06-13 20:33:41.727126,20.45,20.31,22.25,90.71,0.15
2024-06-13 20:33:42.728093,20.42,20.31,22.25,90.70,0.15
2024-06-13 20:33:43.728081,20.42,20.31,22.25,90.70,0.15
2024-06-13 20:33:44.728073,20.43,20.31,22.25,90.71,0.15
2024-06-13 20:33:45.728097,20.42,20.37,22.25,90.70,0.15
2024-06-13 20:33:47.049089,20.43,20.31,22.25,90.70,0.15
2024-06-13 20:33:48.050062,20.43,20.31,22.25,90.71,0.15
2024-06-13 20:33:49.050084,20.43,20.31,22.25,90.71,0.15
2024-06-13 20:33:50.050063,20.45,20.31,22.25,90.73,0.15
2024-06-13 20:33:51.050047,20.45,20.31,22.25,90.71,0.15
2024-06-13 20:33:52.372054,20.42,20.31,22.25,90.71,0.15
2024-06-13 20:33:53.372042,20.46,20.31,22.25,90.67,0.15
2024-06-13 20:33:54.372035,20.46,20.31,22.25,90.67,0.15
2024-06-13 20:33:55.372043,20.45,20.31,22.25,90.73,0.15
2024-06-13 20:33:56.372075,20.42,20.31,22.25,90.69,0.15
2024-06-13 20:33:57.693058,20.45,20.31,22.25,90.70,0.15
2024-06-13 20:33:58.694036,20.43,20.31,22.25,90.70,0.15
2024-06-13 20:33:59.694057,20.43,20.37,22.25,90.70,0.15
2024-06-13 20:34:00.694010,20.46,20.37,22.25,90.70,0.15
2024-06-13 20:34:01.694030,20.43,20.31,22.25,90.69,0.15
2024-06-13 20:34:03.015044,20.45,20.31,22.25,90.72,0.15
2024-06-13 20:34:04.015989,20.43,20.31,22.25,90.69,0.15
2024-06-13 20:34:05.016003,20.43,20.31,22.25,90.69,0.15
2024-06-13 20:34:06.015979,20.42,20.31,22.25,90.72,0.15
2024-06-13 20:34:07.015978,20.43,20.31,22.25,90.69,0.15
2024-06-13 20:34:08.337953,20.43,20.37,22.25,90.71,0.15
2024-06-13 20:34:09.337969,20.45,20.31,22.25,90.74,0.15
2024-06-13 20:34:10.337994,20.45,20.31,22.25,90.74,0.15
2024-06-13 20:34:11.337960,20.43,20.31,22.25,90.73,0.15
2024-06-13 20:34:12.337980,20.41,20.31,22.25,90.70,0.15
2024-06-13 20:34:13.659925,20.45,20.31,22.25,90.72,0.15
2024-06-13 20:34:14.659937,20.43,20.31,22.25,90.71,0.15
2024-06-13 20:34:15.659933,20.43,20.31,22.25,90.71,0.15
2024-06-13 20:34:16.659959,20.45,20.31,22.25,90.70,0.15
2024-06-13 20:34:17.659953,20.45,20.31,22.25,90.70,0.15
2024-06-13 20:34:18.981920,20.46,20.31,22.25,90.72,0.15
2024-06-13 20:34:19.981919,20.45,20.31,22.25,90.71,0.15
2024-06-13 20:34:20.981915,20.45,20.31,22.25,90.71,0.15
2024-06-13 20:34:21.981906,20.45,20.31,22.25,90.72,0.15
2024-06-13 20:34:22.981904,20.43,20.31,22.25,90.71,0.15
2024-06-13 20:34:24.303884,20.43,20.31,22.25,90.69,0.15
2024-06-13 20:34:25.303906,20.45,20.31,22.25,90.72,0.15
2024-06-13 20:34:26.303893,20.45,20.37,22.25,90.72,0.15
2024-06-13 20:34:27.303890,20.43,20.31,22.25,90.71,0.15
2024-06-13 20:34:28.303882,20.45,20.31,22.25,90.73,0.15
2024-06-13 20:34:29.625868,20.46,20.37,22.25,90.71,0.15
2024-06-13 20:34:30.625874,20.45,20.31,22.25,90.71,0.15
2024-06-13 20:34:31.625890,20.45,20.31,22.25,90.71,0.15
2024-06-13 20:34:32.625875,20.43,20.31,22.25,90.71,0.15
2024-06-13 20:34:33.625873,20.45,20.31,22.25,90.71,0.15
2024-06-13 20:34:34.948862,20.45,20.31,22.25,90.70,0.15
2024-06-13 20:34:35.948854,20.43,20.31,22.25,90.71,0.15
2024-06-13 20:34:36.948851,20.43,20.31,22.25,90.71,0.15
2024-06-13 20:34:37.948843,20.42,20.31,22.25,90.69,0.15
2024-06-13 20:34:38.948837,20.43,20.31,22.25,90.71,0.15
2024-06-13 20:34:40.270813,20.46,20.31,22.25,90.69,0.15
2024-06-13 20:34:41.270841,20.43,20.31,22.25,90.69,0.15
2024-06-13 20:34:42.270809,20.43,20.31,22.25,90.69,0.15
2024-06-13 20:34:43.270814,20.45,20.31,22.25,90.72,0.15
2024-06-13 20:34:44.270800,20.43,20.31,22.25,90.70,0.15
2024-06-13 20:34:45.592792,20.43,20.31,22.25,90.71,0.15
2024-06-13 20:34:46.592795,20.43,20.31,22.25,90.70,0.15
2024-06-13 20:34:47.592794,20.43,20.31,22.25,90.70,0.15
2024-06-13 20:34:48.592827,20.43,20.31,22.25,90.71,0.15
2024-06-13 20:34:49.592796,20.43,20.37,22.25,90.70,0.15
2024-06-13 20:34:50.914762,20.43,20.37,22.25,90.71,0.15
2024-06-13 20:34:51.914809,20.45,20.31,22.25,90.71,0.15
2024-06-13 20:34:52.914774,20.45,20.37,22.25,90.71,0.15
2024-06-13 20:34:53.914805,20.45,20.31,22.25,90.73,0.15
2024-06-13 20:34:54.914805,20.45,20.31,22.25,90.66,0.15
2024-06-13 20:34:56.236792,20.43,20.31,22.25,90.70,0.15
2024-06-13 20:34:57.236748,20.45,20.37,22.25,90.71,0.15
2024-06-13 20:34:58.236753,20.45,20.37,22.25,90.71,0.15
2024-06-13 20:34:59.236741,20.42,20.31,22.25,90.70,0.15
2024-06-13 20:35:00.236737,20.45,20.31,22.25,90.76,0.15
2024-06-13 20:35:01.558729,20.43,20.31,22.25,90.71,0.15
2024-06-13 20:35:02.558739,20.43,20.37,22.25,90.71,0.15
2024-06-13 20:35:03.558724,20.43,20.31,22.25,90.71,0.15
2024-06-13 20:35:04.558732,20.46,20.31,22.25,90.71,0.15
2024-06-13 20:35:05.558714,20.43,20.31,22.25,90.71,0.15
2024-06-13 20:35:06.880688,20.43,20.31,22.25,90.71,0.15
2024-06-13 20:35:07.881670,20.45,20.31,22.25,90.69,0.15
2024-06-13 20:35:08.881653,20.45,20.37,22.25,90.69,0.15
2024-06-13 20:35:09.881683,20.45,20.31,22.25,90.71,0.15
2024-06-13 20:35:10.881635,20.46,20.31,22.25,90.71,0.15
2024-06-13 20:35:12.202658,20.43,20.31,22.25,90.71,0.15
2024-06-13 20:35:13.203614,20.43,20.37,22.25,90.68,0.15
2024-06-13 20:35:14.203622,20.43,20.31,22.25,90.68,0.15
2024-06-13 20:35:15.203619,20.48,20.31,22.25,90.70,0.15
2024-06-13 20:35:16.203612,20.46,20.31,22.25,90.72,0.15
2024-06-13 20:35:17.524638,20.46,20.37,22.25,90.72,0.15
2024-06-13 20:35:18.525604,20.45,20.31,22.25,90.70,0.15
2024-06-13 20:35:19.525588,20.45,20.31,22.25,90.70,0.15
2024-06-13 20:35:20.525604,20.46,20.31,22.25,90.71,0.15
2024-06-13 20:35:21.525582,20.43,20.31,22.25,90.71,0.15
2024-06-13 20:35:22.846634,20.45,20.31,22.25,90.68,0.15
2024-06-13 20:35:23.847584,20.43,20.37,22.25,90.68,0.15
2024-06-13 20:35:24.847585,20.43,20.31,22.25,90.68,0.15
2024-06-13 20:35:25.847591,20.46,20.31,22.25,90.72,0.15
2024-06-13 20:35:26.847598,20.46,20.31,22.25,90.71,0.15
2024-06-13 20:35:28.168606,20.43,20.31,22.25,90.69,0.15
2024-06-13 20:35:29.169557,20.42,20.31,22.25,90.67,0.15
2024-06-13 20:35:30.169552,20.42,20.31,22.25,90.67,0.15
2024-06-13 20:35:31.169568,20.46,20.31,22.25,90.69,0.15
2024-06-13 20:35:32.169571,20.46,20.31,22.25,90.71,0.15
2024-06-13 20:35:33.490565,20.45,20.31,22.25,90.73,0.15
2024-06-13 20:35:34.491530,20.43,20.31,22.25,90.73,0.15
2024-06-13 20:35:35.491524,20.43,20.31,22.25,90.73,0.15
2024-06-13 20:35:36.491544,20.45,20.31,22.25,90.68,0.15
2024-06-13 20:35:37.491515,20.42,20.31,22.25,90.69,0.15
2024-06-13 20:35:38.814528,20.45,20.31,22.25,90.71,0.15
2024-06-13 20:35:39.814523,20.43,20.31,22.25,90.69,0.15
2024-06-13 20:35:40.814512,20.43,20.31,22.25,90.69,0.15
2024-06-13 20:35:41.814515,20.45,20.31,22.25,90.69,0.15
2024-06-13 20:35:42.814493,20.45,20.31,22.25,90.71,0.15
2024-06-13 20:35:44.136473,20.45,20.31,22.25,90.69,0.15
2024-06-13 20:35:45.136502,20.46,20.31,22.25,90.73,0.15
2024-06-13 20:35:46.136477,20.46,20.31,22.25,90.73,0.15
2024-06-13 20:35:47.136483,20.43,20.37,22.25,90.68,0.15
2024-06-13 20:35:48.136462,20.45,20.37,22.25,90.71,0.15
2024-06-13 20:35:49.458465,20.45,20.31,22.25,90.69,0.15
2024-06-13 20:35:50.458463,20.46,20.31,22.25,90.72,0.15
2024-06-13 20:35:51.458491,20.46,20.31,22.25,90.72,0.15
2024-06-13 20:35:52.458473,20.43,20.31,22.25,90.71,0.15
2024-06-13 20:35:53.458447,20.45,20.31,22.25,90.72,0.15
2024-06-13 20:35:54.780432,20.45,20.37,22.25,90.67,0.15
2024-06-13 20:35:55.780441,20.45,20.31,22.25,90.68,0.15
2024-06-13 20:35:56.780428,20.45,20.31,22.25,90.68,0.15
2024-06-13 20:35:57.780440,20.43,20.31,22.25,90.68,0.15
2024-06-13 20:35:58.780423,20.45,20.31,22.25,90.70,0.15
2024-06-13 20:36:00.102409,20.43,20.31,22.25,90.71,0.15
2024-06-13 20:36:01.102409,20.45,20.37,22.25,90.72,0.15
2024-06-13 20:36:02.102408,20.45,20.31,22.25,90.72,0.15
2024-06-13 20:36:03.102400,20.46,20.31,22.25,90.71,0.15
2024-06-13 20:36:04.102397,20.43,20.31,22.25,90.68,0.15
2024-06-13 20:36:05.424382,20.45,20.31,22.25,90.70,0.15
2024-06-13 20:36:06.424384,20.45,20.31,22.25,90.69,0.15
2024-06-13 20:36:07.424380,20.45,20.31,22.25,90.69,0.15
2024-06-13 20:36:08.424381,20.45,20.31,22.25,90.71,0.15
2024-06-13 20:36:09.424386,20.43,20.31,22.25,90.69,0.15
2024-06-13 20:36:10.746367,20.45,20.31,22.25,90.69,0.15
2024-06-13 20:36:11.746373,20.46,20.31,22.25,90.69,0.15
2024-06-13 20:36:12.746368,20.46,20.37,22.25,90.69,0.15
2024-06-13 20:36:13.746352,20.45,20.31,22.25,90.71,0.15
2024-06-13 20:36:14.746369,20.46,20.31,22.25,90.67,0.15
2024-06-13 20:36:16.068328,20.46,20.37,22.25,90.72,0.15
2024-06-13 20:36:17.068345,20.43,20.31,22.25,90.70,0.15
2024-06-13 20:36:18.068337,20.43,20.31,22.25,90.70,0.15
2024-06-13 20:36:19.068338,20.43,20.31,22.25,90.71,0.15
2024-06-13 20:36:20.069321,20.45,20.31,22.25,90.71,0.15
2024-06-13 20:36:21.390321,20.43,20.31,22.25,90.70,0.15
2024-06-13 20:36:22.390313,20.45,20.31,22.25,90.67,0.15
2024-06-13 20:36:23.390320,20.45,20.31,22.25,90.67,0.15
2024-06-13 20:36:24.390322,20.43,20.31,22.25,90.70,0.15
2024-06-13 20:36:25.390309,20.43,20.31,22.25,90.69,0.15
2024-06-13 20:36:26.712300,20.45,20.31,22.25,90.69,0.15
2024-06-13 20:36:27.712337,20.45,20.31,22.25,90.67,0.15
2024-06-13 20:36:28.712329,20.45,20.31,22.25,90.67,0.15
2024-06-13 20:36:29.712294,20.43,20.31,22.25,90.70,0.15
2024-06-13 20:36:30.712274,20.43,20.31,22.25,90.69,0.15
2024-06-13 20:36:32.034259,20.43,20.37,22.25,90.69,0.15
2024-06-13 20:36:33.034271,20.45,20.31,22.25,90.69,0.15
2024-06-13 20:36:34.034261,20.45,20.31,22.25,90.69,0.15
2024-06-13 20:36:35.034291,20.45,20.31,22.25,90.67,0.15
2024-06-13 20:36:36.034284,20.46,20.37,22.25,90.73,0.15
2024-06-13 20:36:37.357253,20.43,20.37,22.25,90.71,0.15
2024-06-13 20:36:38.358213,20.45,20.37,22.25,90.73,0.15
2024-06-13 20:36:39.358202,20.45,20.31,22.25,90.73,0.15
2024-06-13 20:36:40.358190,20.46,20.31,22.25,90.70,0.15
2024-06-13 20:36:41.358187,20.45,20.31,22.25,90.68,0.15
2024-06-13 20:36:42.679205,20.46,20.37,22.25,90.67,0.15
2024-06-13 20:36:43.680198,20.45,20.31,22.25,90.67,0.15
2024-06-13 20:36:44.680166,20.45,20.31,22.25,90.67,0.15
2024-06-13 20:36:45.680170,20.45,20.37,22.25,90.67,0.15
2024-06-13 20:36:46.680181,20.45,20.37,22.25,90.66,0.15
2024-06-13 20:36:48.001182,20.45,20.31,22.25,90.68,0.15
2024-06-13 20:36:49.002170,20.46,20.31,22.25,90.70,0.15
2024-06-13 20:36:50.002148,20.46,20.37,22.25,90.70,0.15
2024-06-13 20:36:51.002156,20.46,20.31,22.25,90.67,0.15
2024-06-13 20:36:52.002154,20.45,20.31,22.25,90.70,0.15
2024-06-13 20:36:53.323156,20.46,20.37,22.25,90.68,0.15
2024-06-13 20:36:54.324121,20.43,20.31,22.25,90.67,0.15
2024-06-13 20:36:55.324136,20.43,20.31,22.25,90.67,0.15
2024-06-13 20:36:56.324124,20.46,20.31,22.25,90.68,0.15
2024-06-13 20:36:57.324107,20.45,20.37,22.25,90.68,0.15
2024-06-13 20:36:58.645155,20.46,20.31,22.25,90.71,0.15
2024-06-13 20:36:59.646102,20.45,20.31,22.25,90.68,0.15
2024-06-13 20:37:00.646089,20.45,20.31,22.25,90.68,0.15
2024-06-13 20:37:01.646089,20.43,20.31,22.25,90.65,0.15
2024-06-13 20:37:02.646100,20.43,20.31,22.25,90.71,0.15
2024-06-13 20:37:03.967112,20.46,20.31,22.25,90.67,0.15
2024-06-13 20:37:04.968075,20.45,20.31,22.25,90.67,0.15
2024-06-13 20:37:05.968079,20.45,20.31,22.25,90.67,0.15
2024-06-13 20:37:06.968056,20.46,20.37,22.25,90.68,0.15
2024-06-13 20:37:07.968075,20.46,20.31,22.25,90.66,0.15
2024-06-13 20:37:09.289083,20.46,20.31,22.25,90.70,0.15
2024-06-13 20:37:10.290052,20.48,20.31,22.25,90.71,0.15
2024-06-13 20:37:11.290067,20.48,20.31,22.25,90.71,0.15
2024-06-13 20:37:12.290039,20.45,20.31,22.25,90.66,0.15
2024-06-13 20:37:13.290036,20.43,20.31,22.25,90.66,0.15
2024-06-13 20:37:14.612008,20.45,20.37,22.25,90.66,0.15
2024-06-13 20:37:15.612025,20.46,20.31,22.25,90.67,0.15
2024-06-13 20:37:16.612017,20.46,20.31,22.25,90.67,0.15
2024-06-13 20:37:17.612014,20.46,20.31,22.25,90.71,0.15
2024-06-13 20:37:18.612007,20.45,20.31,22.25,90.66,0.15
2024-06-13 20:37:19.933983,20.45,20.31,22.25,90.68,0.15
2024-06-13 20:37:20.933998,20.43,20.31,22.25,90.70,0.15
2024-06-13 20:37:21.934004,20.43,20.31,22.25,90.70,0.15
2024-06-13 20:37:22.933994,20.48,20.31,22.25,90.66,0.15
2024-06-13 20:37:23.933988,20.43,20.37,22.25,90.67,0.15
2024-06-13 20:37:25.255965,20.48,20.31,22.25,90.69,0.15
2024-06-13 20:37:26.255975,20.43,20.31,22.25,90.64,0.15
2024-06-13 20:37:27.255976,20.43,20.31,22.25,90.64,0.15
2024-06-13 20:37:28.255966,20.45,20.37,22.25,90.69,0.15
2024-06-13 20:37:29.255962,20.49,20.37,22.25,90.70,0.15
2024-06-13 20:37:30.577952,20.43,20.37,22.25,90.64,0.15
2024-06-13 20:37:31.577952,20.48,20.37,22.25,90.66,0.15
2024-06-13 20:37:32.577946,20.48,20.31,22.25,90.66,0.15
2024-06-13 20:37:33.577943,20.46,20.31,22.25,90.65,0.15
2024-06-13 20:37:34.577944,20.45,20.31,22.25,90.66,0.15
2024-06-13 20:37:35.899936,20.45,20.31,22.25,90.67,0.15
2024-06-13 20:37:36.899949,20.43,20.31,22.25,90.67,0.15
2024-06-13 20:37:37.899945,20.43,20.31,22.25,90.67,0.15
2024-06-13 20:37:38.899943,20.46,20.37,22.25,90.64,0.15
2024-06-13 20:37:39.899937,20.45,20.31,22.25,90.66,0.15
2024-06-13 20:37:41.222886,20.46,20.37,22.25,90.66,0.15
2024-06-13 20:37:42.222901,20.45,20.37,22.25,90.62,0.15
2024-06-13 20:37:43.222896,20.45,20.31,22.25,90.62,0.15
2024-06-13 20:37:44.222885,20.45,20.37,22.25,90.64,0.15
2024-06-13 20:37:45.222886,20.43,20.37,22.25,90.61,0.15
2024-06-13 20:37:46.544871,20.45,20.37,22.25,90.66,0.15
2024-06-13 20:37:47.544874,20.48,20.31,22.25,90.65,0.15
2024-06-13 20:37:48.544896,20.48,20.31,22.25,90.65,0.15
2024-06-13 20:37:49.544869,20.46,20.31,22.25,90.67,0.15
2024-06-13 20:37:50.544886,20.46,20.31,22.25,90.67,0.15
2024-06-13 20:37:51.866837,20.45,20.37,22.25,90.67,0.15
2024-06-13 20:37:52.866857,20.46,20.31,22.25,90.66,0.15
2024-06-13 20:37:53.866859,20.46,20.37,22.25,90.66,0.15
2024-06-13 20:37:54.866839,20.43,20.31,22.25,90.66,0.15
2024-06-13 20:37:55.866843,20.42,20.31,22.25,90.65,0.15
2024-06-13 20:37:57.188822,20.45,20.31,22.25,90.66,0.15
2024-06-13 20:37:58.188832,20.43,20.31,22.25,90.66,0.15
2024-06-13 20:37:59.188821,20.43,20.31,22.25,90.66,0.15
2024-06-13 20:38:00.188816,20.46,20.31,22.25,90.64,0.15
2024-06-13 20:38:01.188817,20.46,20.31,22.25,90.62,0.15
2024-06-13 20:38:02.510790,20.48,20.31,22.25,90.67,0.15
2024-06-13 20:38:03.510804,20.43,20.31,22.25,90.65,0.15
2024-06-13 20:38:04.510803,20.43,20.31,22.25,90.65,0.15
2024-06-13 20:38:05.511768,20.43,20.31,22.25,90.67,0.15
2024-06-13 20:38:06.511739,20.45,20.37,22.25,90.64,0.15
2024-06-13 20:38:07.832770,20.46,20.31,22.25,90.66,0.15
2024-06-13 20:38:08.833731,20.45,20.31,22.25,90.63,0.15
2024-06-13 20:38:09.833728,20.45,20.37,22.25,90.63,0.15
2024-06-13 20:38:10.833720,20.46,20.31,22.25,90.66,0.15
2024-06-13 20:38:11.833728,20.46,20.31,22.25,90.65,0.15
2024-06-13 20:38:13.154741,20.46,20.31,22.25,90.66,0.15
2024-06-13 20:38:14.155708,20.45,20.31,22.25,90.64,0.15
2024-06-13 20:38:15.155719,20.45,20.37,22.25,90.64,0.15
2024-06-13 20:38:16.155709,20.45,20.37,22.25,90.61,0.15
2024-06-13 20:38:17.155694,20.43,20.37,22.25,90.62,0.15
2024-06-13 20:38:18.476739,20.48,20.31,22.25,90.64,0.15
2024-06-13 20:38:19.477687,20.45,20.37,22.25,90.63,0.15
2024-06-13 20:38:20.477728,20.45,20.37,22.25,90.63,0.15
2024-06-13 20:38:21.477680,20.46,20.37,22.25,90.67,0.15
2024-06-13 20:38:22.477678,20.43,20.37,22.25,90.65,0.15
2024-06-13 20:38:23.798706,20.43,20.31,22.25,90.63,0.15
2024-06-13 20:38:24.799662,20.45,20.31,22.25,90.63,0.15
2024-06-13 20:38:25.799655,20.45,20.31,22.25,90.63,0.15
2024-06-13 20:38:26.799670,20.42,20.31,22.25,90.65,0.15
2024-06-13 20:38:27.799666,20.43,20.31,22.25,90.63,0.15
2024-06-13 20:38:29.120674,20.46,20.31,22.25,90.65,0.15
2024-06-13 20:38:30.121636,20.48,20.37,22.25,90.62,0.15
2024-06-13 20:38:31.121627,20.48,20.31,22.25,90.62,0.15
2024-06-13 20:38:32.121625,20.45,20.31,22.25,90.64,0.15
2024-06-13 20:38:33.121619,20.45,20.31,22.25,90.61,0.15
2024-06-13 20:38:34.442646,20.46,20.31,22.25,90.62,0.15
2024-06-13 20:38:35.443605,20.46,20.31,22.25,90.63,0.15
2024-06-13 20:38:36.443604,20.46,20.31,22.25,90.63,0.15
2024-06-13 20:38:37.443599,20.45,20.31,22.25,90.63,0.15
2024-06-13 20:38:38.443594,20.46,20.31,22.25,90.62,0.15
2024-06-13 20:38:39.766572,20.46,20.31,22.25,90.65,0.15
2024-06-13 20:38:40.767582,20.48,20.31,22.25,90.64,0.15
2024-06-13 20:38:41.766579,20.48,20.31,22.25,90.64,0.15
2024-06-13 20:38:42.766576,20.45,20.31,22.25,90.61,0.15
2024-06-13 20:38:43.766566,20.46,20.37,22.25,90.64,0.15
2024-06-13 20:38:45.088548,20.46,20.31,22.25,90.66,0.15
2024-06-13 20:38:46.088557,20.43,20.31,22.25,90.64,0.15
2024-06-13 20:38:47.088557,20.43,20.31,22.25,90.64,0.15
2024-06-13 20:38:48.088554,20.42,20.31,22.25,90.60,0.15
2024-06-13 20:38:49.088543,20.45,20.37,22.25,90.61,0.15
2024-06-13 20:38:50.410527,20.46,20.37,22.25,90.59,0.15
2024-06-13 20:38:51.410532,20.45,20.37,22.25,90.60,0.15
2024-06-13 20:38:52.410569,20.45,20.31,22.25,90.60,0.15
2024-06-13 20:38:53.410530,20.46,20.31,22.25,90.61,0.15
2024-06-13 20:38:54.410523,20.45,20.31,22.25,90.62,0.15
2024-06-13 20:38:55.732498,20.46,20.31,22.25,90.62,0.15
2024-06-13 20:38:56.732523,20.46,20.37,22.25,90.63,0.15
2024-06-13 20:38:57.732550,20.46,20.31,22.25,90.63,0.15
2024-06-13 20:38:58.732524,20.45,20.37,22.25,90.63,0.15
2024-06-13 20:38:59.732515,20.46,20.31,22.25,90.62,0.15
2024-06-13 20:39:01.054477,20.45,20.31,22.25,90.63,0.15
2024-06-13 20:39:02.054493,20.45,20.37,22.25,90.60,0.15
2024-06-13 20:39:03.054489,20.45,20.31,22.25,90.60,0.15
2024-06-13 20:39:04.054470,20.46,20.31,22.25,90.62,0.15
2024-06-13 20:39:05.054470,20.45,20.31,22.25,90.64,0.15
2024-06-13 20:39:06.376450,20.45,20.37,22.25,90.63,0.15
2024-06-13 20:39:07.376467,20.46,20.31,22.25,90.62,0.15
2024-06-13 20:39:08.376460,20.46,20.31,22.25,90.62,0.15
2024-06-13 20:39:09.376459,20.42,20.37,22.25,90.61,0.15
2024-06-13 20:39:10.376454,20.48,20.37,22.25,90.63,0.15
2024-06-13 20:39:11.698433,20.48,20.31,22.25,90.64,0.15
2024-06-13 20:39:12.698464,20.46,20.37,22.25,90.64,0.15
2024-06-13 20:39:13.698441,20.46,20.31,22.25,90.64,0.15
2024-06-13 20:39:14.698432,20.46,20.31,22.25,90.58,0.15
2024-06-13 20:39:15.699398,20.45,20.31,22.25,90.62,0.15
2024-06-13 20:39:17.020420,20.46,20.31,22.25,90.60,0.15
2024-06-13 20:39:18.020425,20.45,20.31,22.25,90.61,0.15
2024-06-13 20:39:19.020411,20.45,20.37,22.25,90.61,0.15
2024-06-13 20:39:20.020417,20.48,20.37,22.25,90.61,0.15
2024-06-13 20:39:21.020404,20.43,20.31,22.25,90.60,0.15
2024-06-13 20:39:22.342383,20.48,20.37,22.25,90.62,0.15
2024-06-13 20:39:23.342394,20.48,20.31,22.25,90.60,0.15
2024-06-13 20:39:24.342388,20.48,20.31,22.25,90.60,0.15
2024-06-13 20:39:25.342387,20.46,20.31,22.25,90.61,0.15
2024-06-13 20:39:26.342413,20.46,20.31,22.25,90.60,0.15
2024-06-13 20:39:27.664366,20.45,20.37,22.25,90.61,0.15
2024-06-13 20:39:28.664379,20.46,20.37,22.25,90.62,0.15
2024-06-13 20:39:29.664366,20.46,20.31,22.25,90.62,0.15
2024-06-13 20:39:30.664366,20.46,20.31,22.25,90.60,0.15
2024-06-13 20:39:31.664353,20.46,20.31,22.25,90.60,0.15
2024-06-13 20:39:32.986350,20.43,20.37,22.25,90.59,0.15
2024-06-13 20:39:33.986351,20.46,20.37,22.25,90.60,0.15
2024-06-13 20:39:34.986365,20.46,20.37,22.25,90.60,0.15
2024-06-13 20:39:35.987297,20.45,20.31,22.25,90.61,0.15
2024-06-13 20:39:36.987290,20.45,20.31,22.25,90.61,0.15
2024-06-13 20:39:38.308306,20.46,20.37,22.25,90.63,0.15
2024-06-13 20:39:39.309270,20.46,20.31,22.25,90.63,0.15
2024-06-13 20:39:40.309271,20.46,20.37,22.25,90.63,0.15
2024-06-13 20:39:41.309268,20.45,20.31,22.25,90.61,0.15
2024-06-13 20:39:42.309254,20.46,20.37,22.25,90.63,0.15
2024-06-13 20:39:43.631282,20.46,20.37,22.25,90.59,0.15
2024-06-13 20:39:44.632242,20.48,20.31,22.25,90.62,0.15
2024-06-13 20:39:45.632238,20.48,20.31,22.25,90.62,0.15
2024-06-13 20:39:46.632245,20.48,20.31,22.25,90.62,0.15
2024-06-13 20:39:47.632227,20.48,20.31,22.25,90.62,0.15
2024-06-13 20:39:48.953266,20.45,20.37,22.25,90.57,0.15
2024-06-13 20:39:49.954224,20.45,20.31,22.25,90.59,0.15
2024-06-13 20:39:50.955214,20.45,20.31,22.25,90.59,0.15
2024-06-13 20:39:51.954212,20.45,20.31,22.25,90.59,0.15
2024-06-13 20:39:52.954207,20.46,20.31,22.25,90.60,0.15
2024-06-13 20:39:54.275239,20.46,20.37,22.25,90.60,0.15
2024-06-13 20:39:55.276196,20.45,20.31,22.25,90.59,0.15
2024-06-13 20:39:56.276191,20.45,20.31,22.25,90.59,0.15
2024-06-13 20:39:57.276190,20.46,20.31,22.25,90.62,0.15
2024-06-13 20:39:58.276179,20.45,20.31,22.25,90.61,0.15
2024-06-13 20:39:59.598172,20.48,20.31,22.25,90.62,0.15
2024-06-13 20:40:00.598172,20.45,20.31,22.25,90.61,0.15
2024-06-13 20:40:01.598167,20.45,20.31,22.25,90.61,0.15
2024-06-13 20:40:02.598161,20.45,20.31,22.25,90.60,0.15
2024-06-13 20:40:03.598155,20.46,20.31,22.25,90.62,0.15
2024-06-13 20:40:04.919200,20.45,20.31,22.25,90.60,0.15
2024-06-13 20:40:05.920145,20.45,20.37,22.25,90.57,0.15
2024-06-13 20:40:06.920148,20.45,20.31,22.25,90.57,0.15
2024-06-13 20:40:07.920141,20.45,20.31,22.25,90.61,0.15
2024-06-13 20:40:08.920161,20.45,20.31,22.25,90.59,0.15
2024-06-13 20:40:10.242131,20.46,20.37,22.25,90.57,0.15
2024-06-13 20:40:11.242124,20.48,20.31,22.25,90.58,0.15
2024-06-13 20:40:12.242143,20.48,20.31,22.25,90.58,0.15
2024-06-13 20:40:13.242112,20.46,20.31,22.25,90.58,0.15
2024-06-13 20:40:14.242121,20.48,20.37,22.25,90.58,0.15
2024-06-13 20:40:15.564101,20.48,20.31,22.25,90.60,0.15
2024-06-13 20:40:16.564105,20.48,20.37,22.25,90.60,0.15
2024-06-13 20:40:17.564092,20.48,20.31,22.25,90.60,0.15
2024-06-13 20:40:18.564092,20.46,20.37,22.25,90.63,0.15
2024-06-13 20:40:19.564154,20.45,20.37,22.25,90.60,0.15
2024-06-13 20:40:20.886070,20.46,20.31,22.25,90.59,0.15
2024-06-13 20:40:21.886080,20.48,20.31,22.25,90.61,0.15
2024-06-13 20:40:22.886070,20.48,20.31,22.25,90.61,0.15
2024-06-13 20:40:23.886066,20.48,20.31,22.25,90.58,0.15
2024-06-13 20:40:24.886091,20.45,20.31,22.25,90.59,0.15
2024-06-13 20:40:26.209034,20.45,20.31,22.25,90.56,0.15
2024-06-13 20:40:27.208049,20.46,20.31,22.25,90.59,0.15
2024-06-13 20:40:28.208046,20.46,20.31,22.25,90.59,0.15
2024-06-13 20:40:29.208052,20.45,20.31,22.25,90.59,0.15
2024-06-13 20:40:30.208044,20.48,20.31,22.25,90.62,0.15
2024-06-13 20:40:31.530016,20.46,20.31,22.25,90.59,0.15
2024-06-13 20:40:32.530040,20.46,20.31,22.25,90.59,0.15
2024-06-13 20:40:33.530035,20.46,20.37,22.25,90.59,0.15
2024-06-13 20:40:34.530019,20.45,20.37,22.25,90.59,0.15
2024-06-13 20:40:35.530034,20.45,20.37,22.25,90.56,0.15
2024-06-13 20:40:36.852005,20.45,20.31,22.25,90.60,0.15
2024-06-13 20:40:37.852027,20.46,20.31,22.25,90.59,0.15
2024-06-13 20:40:38.852002,20.46,20.37,22.25,90.59,0.15
2024-06-13 20:40:39.851995,20.46,20.31,22.25,90.58,0.15
2024-06-13 20:40:40.851977,20.46,20.37,22.25,90.57,0.15
2024-06-13 20:40:42.174965,20.43,20.37,22.25,90.61,0.15
2024-06-13 20:40:43.174972,20.45,20.37,22.25,90.60,0.15
2024-06-13 20:40:44.174979,20.45,20.31,22.25,90.60,0.15
2024-06-13 20:40:45.174971,20.45,20.31,22.25,90.57,0.15
2024-06-13 20:40:46.174966,20.46,20.37,22.25,90.58,0.15
2024-06-13 20:40:47.496942,20.45,20.31,22.25,90.57,0.15
2024-06-13 20:40:48.496959,20.48,20.37,22.25,90.60,0.15
2024-06-13 20:40:49.496951,20.48,20.37,22.25,90.60,0.15
2024-06-13 20:40:50.496969,20.49,20.31,22.25,90.60,0.15
2024-06-13 20:40:51.496982,20.48,20.37,22.25,90.60,0.15
2024-06-13 20:40:52.818960,20.49,20.31,22.25,90.60,0.15
2024-06-13 20:40:53.818937,20.46,20.37,22.25,90.56,0.15
2024-06-13 20:40:54.818979,20.46,20.31,22.25,90.56,0.15
2024-06-13 20:40:55.818925,20.46,20.31,22.25,90.58,0.15
2024-06-13 20:40:56.818963,20.46,20.31,22.25,90.59,0.15
2024-06-13 20:40:58.140899,20.48,20.31,22.25,90.61,0.15
2024-06-13 20:40:59.140912,20.45,20.31,22.25,90.60,0.15
2024-06-13 20:41:00.140900,20.45,20.31,22.25,90.60,0.15
2024-06-13 20:41:01.140903,20.46,20.37,22.25,90.56,0.15
2024-06-13 20:41:02.140900,20.45,20.31,22.25,90.57,0.15
2024-06-13 20:41:03.462904,20.46,20.37,22.25,90.60,0.15
2024-06-13 20:41:04.463831,20.43,20.31,22.25,90.61,0.15
2024-06-13 20:41:05.463826,20.43,20.31,22.25,90.61,0.15
2024-06-13 20:41:06.463838,20.49,20.37,22.25,90.59,0.15
2024-06-13 20:41:07.463817,20.46,20.37,22.25,90.57,0.15
2024-06-13 20:41:08.784848,20.48,20.37,22.25,90.61,0.15
2024-06-13 20:41:09.785817,20.48,20.31,22.25,90.61,0.15
2024-06-13 20:41:10.785802,20.48,20.31,22.25,90.61,0.15
2024-06-13 20:41:11.785804,20.46,20.37,22.25,90.57,0.15
2024-06-13 20:41:12.785807,20.45,20.37,22.25,90.56,0.15
2024-06-13 20:41:14.106821,20.48,20.31,22.25,90.62,0.15
2024-06-13 20:41:15.107782,20.46,20.37,22.25,90.59,0.15
2024-06-13 20:41:16.107778,20.46,20.31,22.25,90.59,0.15
2024-06-13 20:41:17.107771,20.46,20.37,22.25,90.58,0.15
2024-06-13 20:41:18.107764,20.46,20.31,22.25,90.59,0.15
2024-06-13 20:41:19.428798,20.45,20.31,22.25,90.57,0.15
2024-06-13 20:41:20.429763,20.48,20.37,22.25,90.58,0.15
2024-06-13 20:41:21.429762,20.48,20.31,22.25,90.58,0.15
2024-06-13 20:41:22.429770,20.48,20.31,22.25,90.54,0.15
2024-06-13 20:41:23.429741,20.46,20.31,22.25,90.56,0.15
2024-06-13 20:41:24.750792,20.46,20.37,22.25,90.56,0.15
2024-06-13 20:41:25.751751,20.48,20.31,22.25,90.57,0.15
2024-06-13 20:41:26.751724,20.48,20.37,22.25,90.57,0.15
2024-06-13 20:41:27.751721,20.48,20.37,22.25,90.57,0.15
2024-06-13 20:41:28.751722,20.45,20.37,22.25,90.59,0.15
2024-06-13 20:41:30.072756,20.48,20.37,22.25,90.58,0.15
2024-06-13 20:41:31.073715,20.49,20.37,22.25,90.61,0.15
2024-06-13 20:41:32.073705,20.49,20.31,22.25,90.61,0.15
2024-06-13 20:41:33.073703,20.46,20.37,22.25,90.58,0.15
2024-06-13 20:41:34.073689,20.45,20.31,22.25,90.59,0.15
2024-06-13 20:41:35.395674,20.46,20.31,22.25,90.55,0.15
2024-06-13 20:41:36.395683,20.48,20.37,22.25,90.56,0.15
2024-06-13 20:41:37.395690,20.48,20.31,22.25,90.56,0.15
2024-06-13 20:41:38.395685,20.46,20.31,22.25,90.55,0.15
2024-06-13 20:41:39.395666,20.45,20.37,22.25,90.61,0.15
2024-06-13 20:41:40.717644,20.45,20.31,22.25,90.59,0.15
2024-06-13 20:41:41.717656,20.48,20.31,22.25,90.58,0.15
2024-06-13 20:41:42.717652,20.48,20.31,22.25,90.58,0.15
2024-06-13 20:41:43.717660,20.48,20.31,22.25,90.57,0.15
2024-06-13 20:41:44.717644,20.48,20.37,22.25,90.58,0.15
2024-06-13 20:41:46.040626,20.46,20.37,22.25,90.56,0.15
2024-06-13 20:41:47.040631,20.45,20.31,22.25,90.56,0.15
2024-06-13 20:41:48.040636,20.45,20.31,22.25,90.56,0.15
2024-06-13 20:41:49.040623,20.45,20.31,22.25,90.57,0.15
2024-06-13 20:41:50.040627,20.45,20.37,22.25,90.56,0.15
2024-06-13 20:41:51.362600,20.46,20.31,22.25,90.57,0.15
2024-06-13 20:41:52.362615,20.48,20.37,22.25,90.61,0.15
2024-06-13 20:41:53.362635,20.48,20.37,22.25,90.61,0.15
2024-06-13 20:41:54.362597,20.48,20.31,22.25,90.54,0.15
2024-06-13 20:41:55.362592,20.46,20.31,22.25,90.57,0.15
2024-06-13 20:41:56.684568,20.48,20.37,22.25,90.56,0.15
2024-06-13 20:41:57.684621,20.46,20.31,22.25,90.55,0.15
2024-06-13 20:41:58.684576,20.46,20.31,22.25,90.55,0.15
2024-06-13 20:41:59.684574,20.49,20.31,22.25,90.57,0.15
2024-06-13 20:42:00.684573,20.49,20.31,22.25,90.56,0.15
2024-06-13 20:42:02.006601,20.46,20.37,22.25,90.58,0.15
2024-06-13 20:42:03.006579,20.48,20.31,22.25,90.58,0.15
2024-06-13 20:42:04.006566,20.48,20.31,22.25,90.58,0.15
2024-06-13 20:42:05.006581,20.46,20.31,22.25,90.57,0.15
2024-06-13 20:42:06.006596,20.46,20.31,22.25,90.52,0.15
2024-06-13 20:42:07.328525,20.46,20.31,22.25,90.59,0.15
2024-06-13 20:42:08.328543,20.48,20.31,22.25,90.58,0.15
2024-06-13 20:42:09.328552,20.48,20.31,22.25,90.58,0.15
2024-06-13 20:42:10.328529,20.48,20.37,22.25,90.58,0.15
2024-06-13 20:42:11.328533,20.48,20.31,22.25,90.57,0.15
2024-06-13 20:42:12.650505,20.46,20.37,22.25,90.54,0.15
2024-06-13 20:42:13.650534,20.48,20.31,22.25,90.55,0.15
2024-06-13 20:42:14.650510,20.48,20.37,22.25,90.55,0.15
2024-06-13 20:42:15.650510,20.48,20.37,22.25,90.57,0.15
2024-06-13 20:42:16.650502,20.45,20.31,22.25,90.55,0.15
2024-06-13 20:42:17.972502,20.45,20.37,22.25,90.55,0.15
2024-06-13 20:42:18.972512,20.48,20.37,22.25,90.57,0.15
2024-06-13 20:42:19.972493,20.48,20.37,22.25,90.57,0.15
2024-06-13 20:42:20.972508,20.46,20.31,22.25,90.56,0.15
2024-06-13 20:42:21.972515,20.48,20.37,22.25,90.56,0.15
2024-06-13 20:42:23.294452,20.46,20.31,22.25,90.59,0.15
2024-06-13 20:42:24.294469,20.48,20.37,22.25,90.53,0.15
2024-06-13 20:42:25.294460,20.48,20.31,22.25,90.53,0.15
2024-06-13 20:42:26.294480,20.48,20.31,22.25,90.58,0.15
2024-06-13 20:42:27.294454,20.46,20.31,22.25,90.56,0.15
2024-06-13 20:42:28.616430,20.48,20.37,22.25,90.56,0.15
2024-06-13 20:42:29.616446,20.48,20.31,22.25,90.57,0.15
2024-06-13 20:42:30.616435,20.48,20.31,22.25,90.57,0.15
2024-06-13 20:42:31.616440,20.48,20.31,22.25,90.55,0.15
2024-06-13 20:42:32.616433,20.48,20.37,22.25,90.53,0.15
2024-06-13 20:42:33.938443,20.48,20.37,22.25,90.57,0.15
2024-06-13 20:42:34.939380,20.46,20.37,22.25,90.57,0.15
2024-06-13 20:42:35.939379,20.46,20.31,22.25,90.57,0.15
2024-06-13 20:42:36.939354,20.46,20.31,22.25,90.54,0.15
2024-06-13 20:42:37.939355,20.46,20.37,22.25,90.55,0.15
2024-06-13 20:42:39.260411,20.48,20.37,22.25,90.60,0.15
2024-06-13 20:42:40.261347,20.46,20.37,22.25,90.54,0.15
2024-06-13 20:42:41.261342,20.46,20.37,22.25,90.54,0.15
2024-06-13 20:42:42.261336,20.45,20.37,22.25,90.59,0.15
2024-06-13 20:42:43.261328,20.48,20.37,22.25,90.57,0.15
2024-06-13 20:42:44.583380,20.46,20.37,22.25,90.56,0.15
2024-06-13 20:42:45.584317,20.48,20.31,22.25,90.58,0.15
2024-06-13 20:42:46.584320,20.48,20.37,22.25,90.58,0.15
2024-06-13 20:42:47.584312,20.46,20.31,22.25,90.55,0.15
2024-06-13 20:42:48.584321,20.48,20.37,22.25,90.60,0.15
2024-06-13 20:42:49.905331,20.48,20.37,22.25,90.54,0.15
2024-06-13 20:42:50.906314,20.48,20.37,22.25,90.58,0.15
2024-06-13 20:42:51.906334,20.48,20.37,22.25,90.58,0.15
2024-06-13 20:42:52.906290,20.46,20.37,22.25,90.54,0.15
2024-06-13 20:42:53.906278,20.48,20.31,22.25,90.56,0.15
2024-06-13 20:42:55.227314,20.46,20.31,22.25,90.51,0.15
2024-06-13 20:42:56.228272,20.49,20.37,22.25,90.55,0.15
2024-06-13 20:42:57.228277,20.49,20.37,22.25,90.55,0.15
2024-06-13 20:42:58.228271,20.46,20.37,22.25,90.53,0.15
2024-06-13 20:42:59.228245,20.48,20.31,22.25,90.57,0.15
2024-06-13 20:43:00.549320,20.48,20.31,22.25,90.57,0.15
2024-06-13 20:43:01.550242,20.49,20.37,22.25,90.58,0.15
2024-06-13 20:43:02.550256,20.49,20.31,22.25,90.58,0.15
2024-06-13 20:43:03.550240,20.46,20.37,22.25,90.52,0.15
2024-06-13 20:43:04.550237,20.48,20.31,22.25,90.58,0.15
2024-06-13 20:43:05.872226,20.48,20.31,22.25,90.55,0.15
2024-06-13 20:43:06.872241,20.48,20.31,22.25,90.54,0.15
2024-06-13 20:43:07.872219,20.48,20.31,22.25,90.54,0.15
2024-06-13 20:43:08.872217,20.46,20.37,22.25,90.57,0.15
2024-06-13 20:43:09.872230,20.48,20.37,22.25,90.55,0.15
2024-06-13 20:43:11.194191,20.48,20.37,22.25,90.55,0.15
2024-06-13 20:43:12.194193,20.48,20.31,22.25,90.55,0.15
2024-06-13 20:43:13.194189,20.48,20.37,22.25,90.55,0.15
2024-06-13 20:43:14.194188,20.49,20.31,22.25,90.54,0.15
2024-06-13 20:43:15.194206,20.48,20.31,22.25,90.57,0.15
2024-06-13 20:43:16.516162,20.48,20.37,22.25,90.53,0.15
2024-06-13 20:43:17.516170,20.46,20.37,22.25,90.55,0.15
2024-06-13 20:43:18.516180,20.46,20.31,22.25,90.55,0.15
2024-06-13 20:43:19.516170,20.48,20.37,22.25,90.57,0.15
2024-06-13 20:43:20.516165,20.48,20.37,22.25,90.56,0.15
2024-06-13 20:43:21.838158,20.46,20.37,22.25,90.55,0.15
2024-06-13 20:43:22.838165,20.48,20.37,22.25,90.55,0.15
2024-06-13 20:43:23.838148,20.48,20.37,22.25,90.55,0.15
2024-06-13 20:43:24.838177,20.49,20.37,22.25,90.55,0.15
2024-06-13 20:43:25.838151,20.46,20.37,22.25,90.54,0.15
2024-06-13 20:43:27.160139,20.46,20.31,22.25,90.54,0.15
2024-06-13 20:43:28.160137,20.48,20.37,22.25,90.55,0.15
2024-06-13 20:43:29.160120,20.48,20.31,22.25,90.55,0.15
2024-06-13 20:43:30.160119,20.46,20.37,22.25,90.53,0.15
2024-06-13 20:43:31.160119,20.48,20.37,22.25,90.56,0.15
2024-06-13 20:43:32.482094,20.50,20.37,22.25,90.61,0.15
2024-06-13 20:43:33.482105,20.49,20.37,22.25,90.55,0.15
2024-06-13 20:43:34.482099,20.49,20.37,22.25,90.55,0.15
2024-06-13 20:43:35.482124,20.48,20.31,22.25,90.56,0.15
2024-06-13 20:43:36.482100,20.48,20.37,22.25,90.53,0.15
2024-06-13 20:43:37.804081,20.48,20.37,22.25,90.58,0.15
2024-06-13 20:43:38.804080,20.45,20.37,22.25,90.55,0.15
2024-06-13 20:43:39.804073,20.45,20.31,22.25,90.55,0.15
2024-06-13 20:43:40.804074,20.49,20.37,22.25,90.56,0.15
2024-06-13 20:43:41.804086,20.49,20.37,22.25,90.52,0.15
2024-06-13 20:43:43.126045,20.46,20.37,22.25,90.53,0.15
2024-06-13 20:43:44.126082,20.48,20.37,22.25,90.56,0.15
2024-06-13 20:43:45.126060,20.48,20.37,22.25,90.56,0.15
2024-06-13 20:43:46.126051,20.46,20.31,22.25,90.54,0.15
2024-06-13 20:43:47.126040,20.48,20.37,22.25,90.56,0.15
2024-06-13 20:43:48.449024,20.49,20.31,22.25,90.57,0.15
2024-06-13 20:43:49.449049,20.49,20.37,22.25,90.55,0.15
2024-06-13 20:43:50.449025,20.49,20.31,22.25,90.55,0.15
2024-06-13 20:43:51.449020,20.49,20.31,22.25,90.55,0.15
2024-06-13 20:43:52.449019,20.49,20.37,22.25,90.57,0.15
2024-06-13 20:43:53.770989,20.45,20.37,22.25,90.55,0.15
2024-06-13 20:43:54.771005,20.49,20.37,22.25,90.56,0.15
2024-06-13 20:43:55.771000,20.49,20.37,22.25,90.56,0.15
2024-06-13 20:43:56.771023,20.46,20.37,22.25,90.56,0.15
2024-06-13 20:43:57.771021,20.49,20.37,22.25,90.56,0.15
2024-06-13 20:43:59.092967,20.48,20.37,22.25,90.57,0.15
2024-06-13 20:44:00.092980,20.49,20.31,22.25,90.56,0.15
2024-06-13 20:44:01.092977,20.49,20.37,22.25,90.56,0.15
2024-06-13 20:44:02.092985,20.46,20.31,22.25,90.54,0.15
2024-06-13 20:44:03.093919,20.46,20.37,22.25,90.57,0.15
2024-06-13 20:44:04.414956,20.48,20.37,22.25,90.56,0.15
2024-06-13 20:44:05.415908,20.48,20.37,22.25,90.50,0.15
2024-06-13 20:44:06.415903,20.48,20.37,22.25,90.50,0.15
2024-06-13 20:44:07.415896,20.50,20.37,22.25,90.56,0.15
2024-06-13 20:44:08.415892,20.48,20.31,22.25,90.55,0.15
2024-06-13 20:44:09.736932,20.48,20.37,22.25,90.52,0.15
2024-06-13 20:44:10.737885,20.50,20.31,22.25,90.56,0.15
2024-06-13 20:44:11.737880,20.50,20.37,22.25,90.56,0.15
2024-06-13 20:44:12.737903,20.49,20.37,22.25,90.55,0.15
2024-06-13 20:44:13.737867,20.48,20.31,22.25,90.58,0.15
2024-06-13 20:44:15.058902,20.48,20.37,22.25,90.54,0.15
2024-06-13 20:44:16.059881,20.46,20.37,22.25,90.56,0.15
2024-06-13 20:44:17.059881,20.46,20.37,22.25,90.56,0.15
2024-06-13 20:44:18.059877,20.46,20.31,22.25,90.54,0.15
2024-06-13 20:44:19.059845,20.48,20.31,22.25,90.53,0.15
2024-06-13 20:44:20.380900,20.48,20.31,22.25,90.53,0.15
2024-06-13 20:44:21.381836,20.48,20.37,22.25,90.54,0.15
2024-06-13 20:44:22.381834,20.48,20.31,22.25,90.54,0.15
2024-06-13 20:44:23.381831,20.48,20.37,22.25,90.54,0.15
2024-06-13 20:44:24.381822,20.46,20.37,22.25,90.52,0.15
2024-06-13 20:44:25.702847,20.49,20.37,22.25,90.53,0.15
2024-06-13 20:44:26.703812,20.50,20.37,22.25,90.50,0.15
2024-06-13 20:44:27.703814,20.50,20.37,22.25,90.50,0.15
2024-06-13 20:44:28.703806,20.50,20.31,22.25,90.57,0.15
2024-06-13 20:44:29.703799,20.49,20.37,22.25,90.52,0.15
2024-06-13 20:44:31.024840,20.50,20.37,22.25,90.56,0.15
2024-06-13 20:44:32.025804,20.49,20.31,22.25,90.52,0.15
2024-06-13 20:44:33.025816,20.49,20.31,22.25,90.52,0.15
2024-06-13 20:44:34.025816,20.45,20.31,22.25,90.54,0.15
2024-06-13 20:44:35.025788,20.46,20.37,22.25,90.51,0.15
2024-06-13 20:44:36.347758,20.45,20.37,22.25,90.51,0.15
2024-06-13 20:44:37.347824,20.46,20.37,22.25,90.52,0.15
2024-06-13 20:44:38.347769,20.46,20.31,22.25,90.52,0.15
2024-06-13 20:44:39.347764,20.48,20.31,22.25,90.52,0.15
2024-06-13 20:44:40.347767,20.49,20.37,22.25,90.53,0.15
2024-06-13 20:44:41.669746,20.48,20.37,22.25,90.53,0.15
2024-06-13 20:44:42.669758,20.46,20.37,22.25,90.50,0.15
2024-06-13 20:44:43.669759,20.46,20.37,22.25,90.50,0.15
2024-06-13 20:44:44.669793,20.46,20.37,22.25,90.52,0.15
2024-06-13 20:44:45.669749,20.50,20.37,22.25,90.52,0.15
2024-06-13 20:44:46.992713,20.49,20.37,22.25,90.51,0.15
2024-06-13 20:44:47.992729,20.48,20.31,22.25,90.51,0.15
2024-06-13 20:44:48.992753,20.48,20.31,22.25,90.51,0.15
2024-06-13 20:44:49.992727,20.45,20.37,22.25,90.49,0.15
2024-06-13 20:44:50.992722,20.49,20.37,22.25,90.48,0.15
2024-06-13 20:44:52.314704,20.48,20.37,22.25,90.52,0.15
2024-06-13 20:44:53.314719,20.50,20.31,22.25,90.53,0.15
2024-06-13 20:44:54.314710,20.50,20.31,22.25,90.53,0.15
2024-06-13 20:44:55.314721,20.48,20.31,22.25,90.48,0.15
2024-06-13 20:44:56.314708,20.45,20.31,22.25,90.50,0.15
2024-06-13 20:44:57.636678,20.49,20.37,22.25,90.48,0.15
2024-06-13 20:44:58.636700,20.49,20.37,22.25,90.48,0.15
2024-06-13 20:44:59.636708,20.49,20.31,22.25,90.48,0.15
2024-06-13 20:45:00.636682,20.46,20.31,22.25,90.45,0.15
2024-06-13 20:45:01.636680,20.49,20.37,22.25,90.46,0.15
2024-06-13 20:45:02.958674,20.46,20.37,22.25,90.51,0.15
2024-06-13 20:45:03.958690,20.50,20.31,22.25,90.49,0.15
2024-06-13 20:45:04.958676,20.50,20.31,22.25,90.49,0.15
2024-06-13 20:45:05.958674,20.50,20.31,22.25,90.47,0.15
2024-06-13 20:45:06.958671,20.49,20.37,22.25,90.48,0.15
2024-06-13 20:45:08.280632,20.50,20.37,22.25,90.52,0.15
2024-06-13 20:45:09.280646,20.49,20.37,22.25,90.48,0.15
2024-06-13 20:45:10.280649,20.49,20.31,22.25,90.48,0.15
2024-06-13 20:45:11.280646,20.48,20.31,22.25,90.49,0.15
2024-06-13 20:45:12.280639,20.50,20.37,22.25,90.47,0.15
2024-06-13 20:45:13.602644,20.48,20.37,22.25,90.45,0.15
2024-06-13 20:45:14.602626,20.50,20.31,22.25,90.47,0.15
2024-06-13 20:45:15.602631,20.50,20.37,22.25,90.47,0.15
2024-06-13 20:45:16.602620,20.46,20.37,22.25,90.44,0.15
2024-06-13 20:45:17.602625,20.48,20.31,22.25,90.46,0.15
2024-06-13 20:45:18.924604,20.49,20.37,22.25,90.44,0.15
2024-06-13 20:45:19.924630,20.49,20.37,22.25,90.43,0.15
2024-06-13 20:45:20.924680,20.49,20.31,22.25,90.43,0.15
2024-06-13 20:45:21.924641,20.49,20.37,22.25,90.46,0.15
2024-06-13 20:45:22.924596,20.48,20.37,22.25,90.42,0.15
2024-06-13 20:45:24.246602,20.46,20.31,22.25,90.49,0.15
2024-06-13 20:45:25.246592,20.48,20.37,22.25,90.43,0.15
2024-06-13 20:45:26.246584,20.48,20.37,22.25,90.43,0.15
2024-06-13 20:45:27.246585,20.48,20.31,22.25,90.43,0.15
2024-06-13 20:45:28.246622,20.48,20.31,22.25,90.44,0.15
2024-06-13 20:45:29.568615,20.50,20.31,22.25,90.44,0.15
2024-06-13 20:45:30.568585,20.49,20.37,22.25,90.41,0.15
2024-06-13 20:45:31.569537,20.49,20.37,22.25,90.41,0.15
2024-06-13 20:45:32.569541,20.49,20.37,22.25,90.42,0.15
2024-06-13 20:45:33.569526,20.49,20.37,22.25,90.46,0.15
2024-06-13 20:45:34.890551,20.48,20.37,22.25,90.43,0.15
2024-06-13 20:45:35.891500,20.49,20.37,22.25,90.42,0.15
2024-06-13 20:45:36.891510,20.49,20.37,22.25,90.42,0.15
2024-06-13 20:45:37.891503,20.49,20.37,22.25,90.42,0.15
2024-06-13 20:45:38.891487,20.48,20.37,22.25,90.42,0.15
2024-06-13 20:45:40.212515,20.49,20.31,22.25,90.42,0.15
2024-06-13 20:45:41.213479,20.48,20.37,22.25,90.41,0.15
2024-06-13 20:45:42.213472,20.48,20.37,22.25,90.41,0.15
2024-06-13 20:45:43.213457,20.48,20.37,22.25,90.39,0.15
2024-06-13 20:45:44.213517,20.50,20.37,22.25,90.39,0.15
2024-06-13 20:45:45.534494,20.50,20.37,22.25,90.40,0.15
2024-06-13 20:45:46.535491,20.49,20.31,22.25,90.39,0.15
2024-06-13 20:45:47.535454,20.49,20.31,22.25,90.39,0.15
2024-06-13 20:45:48.535470,20.48,20.31,22.25,90.40,0.15
2024-06-13 20:45:49.535451,20.49,20.31,22.25,90.36,0.15
2024-06-13 20:45:50.857466,20.48,20.31,22.25,90.36,0.15
2024-06-13 20:45:51.858439,20.49,20.37,22.25,90.39,0.15
2024-06-13 20:45:52.858443,20.49,20.37,22.25,90.39,0.15
2024-06-13 20:45:53.858429,20.49,20.37,22.25,90.37,0.15
2024-06-13 20:45:54.858444,20.46,20.31,22.25,90.37,0.15
2024-06-13 20:45:56.179463,20.49,20.37,22.25,90.36,0.15
2024-06-13 20:45:57.180409,20.49,20.37,22.25,90.39,0.15
2024-06-13 20:45:58.180424,20.49,20.37,22.25,90.39,0.15
2024-06-13 20:45:59.180422,20.48,20.37,22.25,90.39,0.15
2024-06-13 20:46:00.180401,20.49,20.37,22.25,90.37,0.15
2024-06-13 20:46:01.501421,20.49,20.31,22.25,90.40,0.15
2024-06-13 20:46:02.502396,20.48,20.37,22.25,90.38,0.15
2024-06-13 20:46:03.502389,20.48,20.37,22.25,90.38,0.15
2024-06-13 20:46:04.502384,20.48,20.37,22.25,90.36,0.15
2024-06-13 20:46:05.502399,20.50,20.37,22.25,90.41,0.15
2024-06-13 20:46:06.824353,20.49,20.31,22.25,90.36,0.15
2024-06-13 20:46:07.824366,20.50,20.37,22.25,90.35,0.15
2024-06-13 20:46:08.824402,20.50,20.37,22.25,90.35,0.15
2024-06-13 20:46:09.824384,20.50,20.37,22.25,90.34,0.15
2024-06-13 20:46:10.824363,20.49,20.37,22.25,90.36,0.15
2024-06-13 20:46:12.146344,20.48,20.37,22.25,90.36,0.15
2024-06-13 20:46:13.146376,20.50,20.37,22.25,90.38,0.15
2024-06-13 20:46:14.146377,20.50,20.31,22.25,90.38,0.15
2024-06-13 20:46:15.146351,20.49,20.37,22.25,90.35,0.15
2024-06-13 20:46:16.146342,20.49,20.37,22.25,90.34,0.15
2024-06-13 20:46:17.468317,20.49,20.37,22.25,90.34,0.15
2024-06-13 20:46:18.468332,20.48,20.37,22.25,90.34,0.15
2024-06-13 20:46:19.468340,20.48,20.37,22.25,90.34,0.15
2024-06-13 20:46:20.468349,20.52,20.31,22.25,90.34,0.15
2024-06-13 20:46:21.468321,20.48,20.37,22.25,90.31,0.15
2024-06-13 20:46:22.790309,20.48,20.37,22.25,90.35,0.15
2024-06-13 20:46:23.790315,20.48,20.37,22.25,90.31,0.15
2024-06-13 20:46:24.790320,20.48,20.37,22.25,90.31,0.15
2024-06-13 20:46:25.790307,20.50,20.31,22.25,90.30,0.15
2024-06-13 20:46:26.790302,20.49,20.37,22.25,90.30,0.15
2024-06-13 20:46:28.112278,20.50,20.31,22.25,90.32,0.15
2024-06-13 20:46:29.112285,20.48,20.37,22.25,90.35,0.15
2024-06-13 20:46:30.112281,20.48,20.37,22.25,90.35,0.15
2024-06-13 20:46:31.112272,20.49,20.37,22.25,90.28,0.15
2024-06-13 20:46:32.112275,20.50,20.37,22.25,90.27,0.15
2024-06-13 20:46:33.434256,20.48,20.31,22.25,90.30,0.15
2024-06-13 20:46:34.434276,20.50,20.37,22.25,90.28,0.15
2024-06-13 20:46:35.434268,20.50,20.37,22.25,90.28,0.15
2024-06-13 20:46:36.434251,20.49,20.37,22.25,90.28,0.15
2024-06-13 20:46:37.434260,20.49,20.37,22.25,90.29,0.15
2024-06-13 20:46:38.756235,20.48,20.37,22.25,90.29,0.15
2024-06-13 20:46:39.756246,20.49,20.37,22.25,90.30,0.15
2024-06-13 20:46:40.756268,20.49,20.31,22.25,90.30,0.15
2024-06-13 20:46:41.756253,20.49,20.37,22.25,90.28,0.15
